anime_id,season,date,time,mal_score,mal_members,danime_favorites,danime_rank
youjosenki2,2026-summer,2026-07-25,,,,,
youjosenki2,2026-summer,2026-07-26,,,,,
youjosenki2,2026-summer,2026-07-27,14:35:48,8.39,"246,544",99890,
youjosenki2,2026-summer,2026-07-28,23:08:19,8.38,"247,019",100323,
youjosenki2,2026-summer,2026-07-29,23:11:37,8.38,"247,473",100696,
youjosenki2,2026-summer,2026-07-30,23:03:13,8.37,"247,963",101207,
youjosenki2,2026-summer,2026-07-31,23:08:12,8.37,"248,408",101719,
youjosenki2,2026-summer,2026-08-01,22:22:07,8.36,"248,803",102349,
youjosenki2,2026-summer,2026-08-02,22:22:10,8.36,"249,283",102916,
youjosenki2,2026-summer,2026-08-03,23:40:49,8.35,"249,767",103315,
youjosenki2,2026-summer,2026-08-04,23:24:03,8.35,"250,133",103556,
youjosenki2,2026-summer,2026-08-05,23:10:47,8.34,"250,518",103795,
youjosenki2,2026-summer,2026-08-06,23:11:05,8.33,"250,940",104213,
youjosenki2,2026-summer,2026-08-07,22:04:50,8.33,"251,308",104565,
youjosenki2,2026-summer,2026-08-08,21:49:48,8.32,"251,622",105099,
youjosenki2,2026-summer,2026-08-09,21:51:42,8.32,"251,960",105579,
youjosenki2,2026-summer,2026-08-10,22:09:01,8.31,"252,342",105862,
youjosenki2,2026-summer,2026-08-11,22:06:47,8.31,"252,677",106182,
youjosenki2,2026-summer,2026-08-12,22:10:53,8.31,"253,002",106439,
youjosenki2,2026-summer,2026-08-13,22:11:36,8.32,"253,407",106868,
youjosenki2,2026-summer,2026-08-14,22:07:35,8.32,"253,796",107299,
youjosenki2,2026-summer,2026-08-15,21:53:29,8.31,"254,103",107774,
youjosenki2,2026-summer,2026-08-16,21:38:25,8.32,"254,460",108144,
youjosenki2,2026-summer,2026-08-17,21:43:04,8.31,"254,765",108412,
youjosenki2,2026-summer,2026-08-18,21:49:17,8.31,"255,096",108601,
buchigire_reijou_wa_houfuku_wo_chikaimas,2026-summer,2026-08-22,18:56:07,6.89,"32,859",,
clevatess_ii_majuu_no_ou_to_itsuwari_no_,2026-summer,2026-08-22,18:56:07,7.71,"80,565",,
dogulwang,2026-summer,2026-08-22,18:56:07,6.68,"43,327",,
futsutsuka_na_akujo_dewa_gozaimasu_ga_su,2026-summer,2026-08-22,18:56:07,8.14,"64,292",,
gaikotsu_kishi-sama_tadaima_isekai_e_ode,2026-summer,2026-08-22,18:56:07,6.62,"86,527",,
hell_mode_yarikomizuki_no_gamer_wa_hai_s,2026-summer,2026-08-22,18:56:07,7.25,"47,233",,
heroine_seijo_iie_all_works_maid_desu_ho,2026-summer,2026-08-22,18:56:07,7.12,"32,479",,
katainaka_no_ossan_kensei_ni_naru_ii,2026-summer,2026-08-22,18:56:07,7.20,"69,980",,
kimi_ga_shinu_made_koi_wo_shitai,2026-summer,2026-08-22,18:56:07,7.73,"82,771",,
koko_wa_ore_ni_makasete_saki_ni_ike_to_i,2026-summer,2026-08-22,18:56:07,6.44,"47,543",,
lv999_no_murabito,2026-summer,2026-08-22,18:56:07,6.15,"47,924",,
migawari_reijou_wo_sukutta_no_wa_reikoku,2026-summer,2026-08-22,18:56:07,5.62,"7,143",,
mujikaku_seijo_wa_kyou_mo_muishiki_ni_ch,2026-summer,2026-08-22,18:56:07,6.49,"28,406",,
mushoku_tensei_iii_isekai_ittara_honki_d,2026-summer,2026-08-22,18:56:07,8.59,"304,401",,
neko_to_ryuu,2026-summer,2026-08-22,18:56:07,7.73,"37,500",,
oni_no_hanayome,2026-summer,2026-08-22,18:56:07,6.91,"32,963",,
otome_game_sekai_wa_mob_ni_kibishii_seka,2026-summer,2026-08-22,18:56:07,6.72,"103,028",,
rakudai_kenja_no_gakuin_musou_nidome_no_,2026-summer,2026-08-22,18:56:07,6.35,"56,173",,
ryoumin_0-nin_start_no_henkyou_ryoushu-s,2026-summer,2026-08-22,18:56:07,6.88,"41,531",,
saikyou_degarashi_ouji_no_anyaku_teii_ar,2026-summer,2026-08-22,18:56:07,6.31,"31,905",,
sayonara_lara,2026-summer,2026-08-22,18:56:07,7.91,"47,834",,
sekai_saikyou_no_kouei_meikyuukoku_no_sh,2026-summer,2026-08-22,18:56:07,5.72,"34,184",,
suterare_seijo_no_isekai_gohan_tabi_kaku,2026-summer,2026-08-22,18:56:07,6.49,"18,818",,
tsuihou_sareta_tensei_juukishi_wa_game_c,2026-summer,2026-08-22,18:56:07,6.78,"79,390",,
yoroi_shin_den_samurai_troopers_part_2,2026-summer,2026-08-22,18:56:07,6.30,"2,882",,
youjosenki2,2026-summer,2026-08-22,18:56:07,8.31,"256,345",109710,
buchigire_reijou_wa_houfuku_wo_chikaimas,2026-summer,2026-08-24,21:50:09,6.89,"33,235",,
clevatess_ii_majuu_no_ou_to_itsuwari_no_,2026-summer,2026-08-24,21:50:09,7.70,"81,048",,
dogulwang,2026-summer,2026-08-24,21:50:09,6.68,"43,771",,
futsutsuka_na_akujo_dewa_gozaimasu_ga_su,2026-summer,2026-08-24,21:50:09,8.15,"65,673",,
gaikotsu_kishi-sama_tadaima_isekai_e_ode,2026-summer,2026-08-24,21:50:09,6.61,"86,905",,
hell_mode_yarikomizuki_no_gamer_wa_hai_s,2026-summer,2026-08-24,21:50:09,7.25,"47,719",,
heroine_seijo_iie_all_works_maid_desu_ho,2026-summer,2026-08-24,21:50:09,7.12,"32,690",,
katainaka_no_ossan_kensei_ni_naru_ii,2026-summer,2026-08-24,21:50:09,7.20,"70,370",,
kimi_ga_shinu_made_koi_wo_shitai,2026-summer,2026-08-24,21:50:09,7.74,"83,394",,
koko_wa_ore_ni_makasete_saki_ni_ike_to_i,2026-summer,2026-08-24,21:50:09,6.43,"48,051",,
lv999_no_murabito,2026-summer,2026-08-24,21:50:09,6.14,"48,272",,
migawari_reijou_wo_sukutta_no_wa_reikoku,2026-summer,2026-08-24,21:50:09,5.61,"7,176",,
mujikaku_seijo_wa_kyou_mo_muishiki_ni_ch,2026-summer,2026-08-24,21:50:09,6.48,"28,632",,
mushoku_tensei_iii_isekai_ittara_honki_d,2026-summer,2026-08-24,21:50:09,8.58,"306,203",,
neko_to_ryuu,2026-summer,2026-08-24,21:50:09,7.73,"37,899",,
oni_no_hanayome,2026-summer,2026-08-24,21:50:09,6.89,"33,472",,
otome_game_sekai_wa_mob_ni_kibishii_seka,2026-summer,2026-08-24,21:50:09,6.72,"103,516",,
rakudai_kenja_no_gakuin_musou_nidome_no_,2026-summer,2026-08-24,21:50:09,6.33,"56,795",,
ryoumin_0-nin_start_no_henkyou_ryoushu-s,2026-summer,2026-08-24,21:50:09,6.87,"41,969",,
saikyou_degarashi_ouji_no_anyaku_teii_ar,2026-summer,2026-08-24,21:50:09,6.32,"32,163",,
sayonara_lara,2026-summer,2026-08-24,21:50:09,7.93,"48,500",,
sekai_saikyou_no_kouei_meikyuukoku_no_sh,2026-summer,2026-08-24,21:50:09,5.70,"34,556",,
suterare_seijo_no_isekai_gohan_tabi_kaku,2026-summer,2026-08-24,21:50:09,6.48,"19,002",,
tsuihou_sareta_tensei_juukishi_wa_game_c,2026-summer,2026-08-24,21:50:09,6.78,"80,159",,
yoroi_shin_den_samurai_troopers_part_2,2026-summer,2026-08-24,21:50:09,6.31,"2,892",,
youjosenki2,2026-summer,2026-08-24,21:50:09,8.31,"257,050",110368,
buchigire_reijou_wa_houfuku_wo_chikaimas,2026-summer,2026-08-25,21:46:48,6.84,"33,627",,
clevatess_ii_majuu_no_ou_to_itsuwari_no_,2026-summer,2026-08-25,21:46:48,7.70,"81,288",,
dogulwang,2026-summer,2026-08-25,21:46:48,6.68,"43,961",,
futsutsuka_na_akujo_dewa_gozaimasu_ga_su,2026-summer,2026-08-25,21:46:48,8.16,"66,369",,
gaikotsu_kishi-sama_tadaima_isekai_e_ode,2026-summer,2026-08-25,21:46:48,6.60,"87,150",,
hell_mode_yarikomizuki_no_gamer_wa_hai_s,2026-summer,2026-08-25,21:46:48,7.24,"47,898",,
heroine_seijo_iie_all_works_maid_desu_ho,2026-summer,2026-08-25,21:46:48,7.12,"32,790",,
katainaka_no_ossan_kensei_ni_naru_ii,2026-summer,2026-08-25,21:46:48,7.20,"70,528",,
kimi_ga_shinu_made_koi_wo_shitai,2026-summer,2026-08-25,21:46:48,7.74,"83,655",,
koko_wa_ore_ni_makasete_saki_ni_ike_to_i,2026-summer,2026-08-25,21:46:48,6.42,"48,238",,
lv999_no_murabito,2026-summer,2026-08-25,21:46:48,6.14,"48,419",,
migawari_reijou_wo_sukutta_no_wa_reikoku,2026-summer,2026-08-25,21:46:48,5.63,"7,195",,
mujikaku_seijo_wa_kyou_mo_muishiki_ni_ch,2026-summer,2026-08-25,21:46:48,6.48,"28,710",,
mushoku_tensei_iii_isekai_ittara_honki_d,2026-summer,2026-08-25,21:46:48,8.57,"307,118",,
neko_to_ryuu,2026-summer,2026-08-25,21:46:48,7.73,"38,050",,
oni_no_hanayome,2026-summer,2026-08-25,21:46:48,6.89,"33,636",,
otome_game_sekai_wa_mob_ni_kibishii_seka,2026-summer,2026-08-25,21:46:48,6.73,"103,710",,
rakudai_kenja_no_gakuin_musou_nidome_no_,2026-summer,2026-08-25,21:46:48,6.32,"57,069",,
ryoumin_0-nin_start_no_henkyou_ryoushu-s,2026-summer,2026-08-25,21:46:48,6.87,"42,131",,
saikyou_degarashi_ouji_no_anyaku_teii_ar,2026-summer,2026-08-25,21:46:48,6.31,"32,410",,
sayonara_lara,2026-summer,2026-08-25,21:46:48,7.93,"48,808",,
sekai_saikyou_no_kouei_meikyuukoku_no_sh,2026-summer,2026-08-25,21:46:48,5.69,"34,734",,
suterare_seijo_no_isekai_gohan_tabi_kaku,2026-summer,2026-08-25,21:46:48,6.47,"19,102",,
tsuihou_sareta_tensei_juukishi_wa_game_c,2026-summer,2026-08-25,21:46:48,6.78,"80,456",,
yoroi_shin_den_samurai_troopers_part_2,2026-summer,2026-08-25,21:46:48,6.32,"2,901",,
youjosenki2,2026-summer,2026-08-25,21:46:48,8.30,"257,363",110485,
buchigire_reijou_wa_houfuku_wo_chikaimas,2026-summer,2026-08-26,21:52:13,6.82,"34,213",,
clevatess_ii_majuu_no_ou_to_itsuwari_no_,2026-summer,2026-08-26,21:52:13,7.70,"81,526",,
dogulwang,2026-summer,2026-08-26,21:52:13,6.68,"44,160",,
futsutsuka_na_akujo_dewa_gozaimasu_ga_su,2026-summer,2026-08-26,21:52:13,8.16,"66,942",,
gaikotsu_kishi-sama_tadaima_isekai_e_ode,2026-summer,2026-08-26,21:52:13,6.59,"87,345",,
hell_mode_yarikomizuki_no_gamer_wa_hai_s,2026-summer,2026-08-26,21:52:13,7.24,"48,064",,
heroine_seijo_iie_all_works_maid_desu_ho,2026-summer,2026-08-26,21:52:13,7.12,"32,916",,
katainaka_no_ossan_kensei_ni_naru_ii,2026-summer,2026-08-26,21:52:13,7.20,"70,717",,
kimi_ga_shinu_made_koi_wo_shitai,2026-summer,2026-08-26,21:52:13,7.75,"84,003",,
koko_wa_ore_ni_makasete_saki_ni_ike_to_i,2026-summer,2026-08-26,21:52:13,6.42,"48,434",,
lv999_no_murabito,2026-summer,2026-08-26,21:52:13,6.14,"48,575",,
migawari_reijou_wo_sukutta_no_wa_reikoku,2026-summer,2026-08-26,21:52:13,5.63,"7,222",,
mujikaku_seijo_wa_kyou_mo_muishiki_ni_ch,2026-summer,2026-08-26,21:52:13,6.47,"28,900",,
mushoku_tensei_iii_isekai_ittara_honki_d,2026-summer,2026-08-26,21:52:13,8.57,"307,885",,
neko_to_ryuu,2026-summer,2026-08-26,21:52:13,7.72,"38,184",,
oni_no_hanayome,2026-summer,2026-08-26,21:52:13,6.89,"33,808",,
otome_game_sekai_wa_mob_ni_kibishii_seka,2026-summer,2026-08-26,21:52:13,6.73,"103,926",,
rakudai_kenja_no_gakuin_musou_nidome_no_,2026-summer,2026-08-26,21:52:13,6.32,"57,328",,
ryoumin_0-nin_start_no_henkyou_ryoushu-s,2026-summer,2026-08-26,21:52:13,6.87,"42,288",,
saikyou_degarashi_ouji_no_anyaku_teii_ar,2026-summer,2026-08-26,21:52:13,6.31,"32,620",,
sayonara_lara,2026-summer,2026-08-26,21:52:13,7.93,"49,035",,
sekai_saikyou_no_kouei_meikyuukoku_no_sh,2026-summer,2026-08-26,21:52:13,5.69,"34,887",,
suterare_seijo_no_isekai_gohan_tabi_kaku,2026-summer,2026-08-26,21:52:13,6.47,"19,210",,
tsuihou_sareta_tensei_juukishi_wa_game_c,2026-summer,2026-08-26,21:52:13,6.78,"80,745",,
yoroi_shin_den_samurai_troopers_part_2,2026-summer,2026-08-26,21:52:13,6.32,"2,911",,
youjosenki2,2026-summer,2026-08-26,21:52:13,8.30,"257,659",110652,
buchigire_reijou_wa_houfuku_wo_chikaimas,2026-summer,2026-08-27,14:36:19,6.82,"34,449",83361,
clevatess_ii_majuu_no_ou_to_itsuwari_no_,2026-summer,2026-08-27,14:36:19,7.70,"81,759",34526,
dogulwang,2026-summer,2026-08-27,14:36:19,6.67,"44,363",,
futsutsuka_na_akujo_dewa_gozaimasu_ga_su,2026-summer,2026-08-27,14:36:19,8.17,"67,279",53851,
gaikotsu_kishi-sama_tadaima_isekai_e_ode,2026-summer,2026-08-27,14:36:19,6.58,"87,475",78432,
hell_mode_yarikomizuki_no_gamer_wa_hai_s,2026-summer,2026-08-27,14:36:19,7.24,"48,178",111522,
heroine_seijo_iie_all_works_maid_desu_ho,2026-summer,2026-08-27,14:36:19,7.12,"33,031",72906,
katainaka_no_ossan_kensei_ni_naru_ii,2026-summer,2026-08-27,14:36:19,7.20,"70,873",,
kimi_ga_shinu_made_koi_wo_shitai,2026-summer,2026-08-27,14:36:19,7.75,"84,223",52820,
koko_wa_ore_ni_makasete_saki_ni_ike_to_i,2026-summer,2026-08-27,14:36:19,6.42,"48,560",104253,
lv999_no_murabito,2026-summer,2026-08-27,14:36:19,6.13,"48,746",20563,
migawari_reijou_wo_sukutta_no_wa_reikoku,2026-summer,2026-08-27,14:36:19,5.63,"7,246",25375,
mujikaku_seijo_wa_kyou_mo_muishiki_ni_ch,2026-summer,2026-08-27,14:36:19,6.46,"29,001",60788,
mushoku_tensei_iii_isekai_ittara_honki_d,2026-summer,2026-08-27,14:36:19,8.56,"308,442",144991,
neko_to_ryuu,2026-summer,2026-08-27,14:36:19,7.72,"38,272",54610,
oni_no_hanayome,2026-summer,2026-08-27,14:36:19,6.89,"33,919",49862,
otome_game_sekai_wa_mob_ni_kibishii_seka,2026-summer,2026-08-27,14:36:19,6.73,"104,138",73094,
rakudai_kenja_no_gakuin_musou_nidome_no_,2026-summer,2026-08-27,14:36:19,6.31,"57,504",100392,
ryoumin_0-nin_start_no_henkyou_ryoushu-s,2026-summer,2026-08-27,14:36:19,6.87,"42,387",,
saikyou_degarashi_ouji_no_anyaku_teii_ar,2026-summer,2026-08-27,14:36:19,6.31,"32,730",80524,
sayonara_lara,2026-summer,2026-08-27,14:36:19,7.93,"49,178",20118,
sekai_saikyou_no_kouei_meikyuukoku_no_sh,2026-summer,2026-08-27,14:36:19,5.68,"34,987",80928,
suterare_seijo_no_isekai_gohan_tabi_kaku,2026-summer,2026-08-27,14:36:19,6.47,"19,255",75420,
tsuihou_sareta_tensei_juukishi_wa_game_c,2026-summer,2026-08-27,14:36:19,6.77,"80,952",78468,
yoroi_shin_den_samurai_troopers_part_2,2026-summer,2026-08-27,14:36:19,6.32,"2,920",14125,
youjosenki2,2026-summer,2026-08-27,14:36:19,8.30,"257,857",110831,
buchigire_reijou_wa_houfuku_wo_chikaimas,2026-summer,2026-08-28,09:19:22,6.82,"34,650",83645,
clevatess_ii_majuu_no_ou_to_itsuwari_no_,2026-summer,2026-08-28,09:19:22,7.71,"81,949",34621,
dogulwang,2026-summer,2026-08-28,09:19:22,6.66,"44,565",,
futsutsuka_na_akujo_dewa_gozaimasu_ga_su,2026-summer,2026-08-28,09:19:22,8.17,"67,628",54108,
gaikotsu_kishi-sama_tadaima_isekai_e_ode,2026-summer,2026-08-28,09:19:22,6.58,"87,609",78530,
hell_mode_yarikomizuki_no_gamer_wa_hai_s,2026-summer,2026-08-28,09:19:22,7.24,"48,311",111599,
heroine_seijo_iie_all_works_maid_desu_ho,2026-summer,2026-08-28,09:19:22,7.12,"33,133",73073,
katainaka_no_ossan_kensei_ni_naru_ii,2026-summer,2026-08-28,09:19:22,7.20,"71,043",,
kimi_ga_shinu_made_koi_wo_shitai,2026-summer,2026-08-28,09:19:22,7.75,"84,404",53030,
koko_wa_ore_ni_makasete_saki_ni_ike_to_i,2026-summer,2026-08-28,09:19:22,6.41,"48,668",104431,
lv999_no_murabito,2026-summer,2026-08-28,09:19:22,6.13,"48,914",20625,
migawari_reijou_wo_sukutta_no_wa_reikoku,2026-summer,2026-08-28,09:19:22,5.63,"7,260",25449,
mujikaku_seijo_wa_kyou_mo_muishiki_ni_ch,2026-summer,2026-08-28,09:19:22,6.46,"29,082",61061,
mushoku_tensei_iii_isekai_ittara_honki_d,2026-summer,2026-08-28,09:19:22,8.56,"308,964",145181,
neko_to_ryuu,2026-summer,2026-08-28,09:19:22,7.72,"38,370",54865,
oni_no_hanayome,2026-summer,2026-08-28,09:19:22,6.89,"34,032",49978,
otome_game_sekai_wa_mob_ni_kibishii_seka,2026-summer,2026-08-28,09:19:22,6.74,"104,330",73265,
rakudai_kenja_no_gakuin_musou_nidome_no_,2026-summer,2026-08-28,09:19:22,6.30,"57,768",100660,
ryoumin_0-nin_start_no_henkyou_ryoushu-s,2026-summer,2026-08-28,09:19:22,6.87,"42,508",,
saikyou_degarashi_ouji_no_anyaku_teii_ar,2026-summer,2026-08-28,09:19:22,6.31,"32,833",80662,
sayonara_lara,2026-summer,2026-08-28,09:19:22,7.93,"49,349",20165,
sekai_saikyou_no_kouei_meikyuukoku_no_sh,2026-summer,2026-08-28,09:19:22,5.68,"35,073",81040,
suterare_seijo_no_isekai_gohan_tabi_kaku,2026-summer,2026-08-28,09:19:22,6.47,"19,294",75566,
tsuihou_sareta_tensei_juukishi_wa_game_c,2026-summer,2026-08-28,09:19:22,6.76,"81,260",78615,
yoroi_shin_den_samurai_troopers_part_2,2026-summer,2026-08-28,09:19:22,6.32,"2,926",14135,
youjosenki2,2026-summer,2026-08-28,09:19:22,8.30,"258,131",111032,
buchigire_reijou_wa_houfuku_wo_chikaimas,2026-summer,2026-08-29,14:39:46,6.83,"34,985",84010,15
clevatess_ii_majuu_no_ou_to_itsuwari_no_,2026-summer,2026-08-29,14:39:46,7.71,"82,200",34745,20
dogulwang,2026-summer,2026-08-29,14:39:46,6.66,"44,830",,
futsutsuka_na_akujo_dewa_gozaimasu_ga_su,2026-summer,2026-08-29,14:39:46,8.17,"68,172",54726,29
gaikotsu_kishi-sama_tadaima_isekai_e_ode,2026-summer,2026-08-29,14:39:46,6.57,"87,783",78629,24
hell_mode_yarikomizuki_no_gamer_wa_hai_s,2026-summer,2026-08-29,14:39:46,7.24,"48,539",111807,7
heroine_seijo_iie_all_works_maid_desu_ho,2026-summer,2026-08-29,14:39:46,7.12,"33,274",73303,9
katainaka_no_ossan_kensei_ni_naru_ii,2026-summer,2026-08-29,14:39:46,7.19,"71,250",,
kimi_ga_shinu_made_koi_wo_shitai,2026-summer,2026-08-29,14:39:46,7.75,"84,638",53276,45
koko_wa_ore_ni_makasete_saki_ni_ike_to_i,2026-summer,2026-08-29,14:39:46,6.40,"48,933",104604,13
lv999_no_murabito,2026-summer,2026-08-29,14:39:46,6.12,"49,108",20688,
migawari_reijou_wo_sukutta_no_wa_reikoku,2026-summer,2026-08-29,14:39:46,5.64,"7,274",25511,55
mujikaku_seijo_wa_kyou_mo_muishiki_ni_ch,2026-summer,2026-08-29,14:39:46,6.46,"29,206",61312,14
mushoku_tensei_iii_isekai_ittara_honki_d,2026-summer,2026-08-29,14:39:46,8.56,"309,743",145457,11
neko_to_ryuu,2026-summer,2026-08-29,14:39:46,7.72,"38,546",55199,39
oni_no_hanayome,2026-summer,2026-08-29,14:39:46,6.88,"34,207",50116,51
otome_game_sekai_wa_mob_ni_kibishii_seka,2026-summer,2026-08-29,14:39:46,6.74,"104,580",73572,6
rakudai_kenja_no_gakuin_musou_nidome_no_,2026-summer,2026-08-29,14:39:46,6.28,"58,174",101005,1
ryoumin_0-nin_start_no_henkyou_ryoushu-s,2026-summer,2026-08-29,14:39:46,6.86,"42,767",,
saikyou_degarashi_ouji_no_anyaku_teii_ar,2026-summer,2026-08-29,14:39:46,6.31,"32,974",80897,22
sayonara_lara,2026-summer,2026-08-29,14:39:46,7.93,"49,601",20283,103
sekai_saikyou_no_kouei_meikyuukoku_no_sh,2026-summer,2026-08-29,14:39:46,5.68,"35,203",81219,26
suterare_seijo_no_isekai_gohan_tabi_kaku,2026-summer,2026-08-29,14:39:46,6.47,"19,385",75748,18
tsuihou_sareta_tensei_juukishi_wa_game_c,2026-summer,2026-08-29,14:39:46,6.74,"81,825",78814,27
yoroi_shin_den_samurai_troopers_part_2,2026-summer,2026-08-29,14:39:46,6.31,"2,937",14144,
youjosenki2,2026-summer,2026-08-29,14:39:46,8.29,"258,456",111359,5
buchigire_reijou_wa_houfuku_wo_chikaimas,2026-summer,2026-08-30,01:30:27,6.83,"35,099",84214,15
clevatess_ii_majuu_no_ou_to_itsuwari_no_,2026-summer,2026-08-30,01:30:27,7.71,"82,287",34799,20
dogulwang,2026-summer,2026-08-30,01:30:27,6.66,"44,913",,
futsutsuka_na_akujo_dewa_gozaimasu_ga_su,2026-summer,2026-08-30,01:30:27,8.17,"68,371",54989,29
gaikotsu_kishi-sama_tadaima_isekai_e_ode,2026-summer,2026-08-30,01:30:27,6.57,"87,843",78675,24
hell_mode_yarikomizuki_no_gamer_wa_hai_s,2026-summer,2026-08-30,01:30:27,7.23,"48,655",111935,7
heroine_seijo_iie_all_works_maid_desu_ho,2026-summer,2026-08-30,01:30:27,7.12,"33,329",73414,9
katainaka_no_ossan_kensei_ni_naru_ii,2026-summer,2026-08-30,01:30:27,7.19,"71,317",,
kimi_ga_shinu_made_koi_wo_shitai,2026-summer,2026-08-30,01:30:27,7.75,"84,739",53393,45
koko_wa_ore_ni_makasete_saki_ni_ike_to_i,2026-summer,2026-08-30,01:30:27,6.40,"49,040",104770,13
lv999_no_murabito,2026-summer,2026-08-30,01:30:27,6.12,"49,166",20741,
migawari_reijou_wo_sukutta_no_wa_reikoku,2026-summer,2026-08-30,01:30:27,5.65,"7,285",25545,55
mujikaku_seijo_wa_kyou_mo_muishiki_ni_ch,2026-summer,2026-08-30,01:30:27,6.46,"29,252",61417,14
mushoku_tensei_iii_isekai_ittara_honki_d,2026-summer,2026-08-30,01:30:27,8.56,"309,983",145631,11
neko_to_ryuu,2026-summer,2026-08-30,01:30:27,7.71,"38,605",55455,39
oni_no_hanayome,2026-summer,2026-08-30,01:30:27,6.88,"34,280",50249,51
otome_game_sekai_wa_mob_ni_kibishii_seka,2026-summer,2026-08-30,01:30:27,6.74,"104,659",73728,6
rakudai_kenja_no_gakuin_musou_nidome_no_,2026-summer,2026-08-30,01:30:27,6.28,"58,295",101157,1
ryoumin_0-nin_start_no_henkyou_ryoushu-s,2026-summer,2026-08-30,01:30:27,6.86,"42,888",,
saikyou_degarashi_ouji_no_anyaku_teii_ar,2026-summer,2026-08-30,01:30:27,6.31,"33,023",80997,22
sayonara_lara,2026-summer,2026-08-30,01:30:27,7.93,"49,689",20346,103
sekai_saikyou_no_kouei_meikyuukoku_no_sh,2026-summer,2026-08-30,01:30:27,5.68,"35,229",81302,26
suterare_seijo_no_isekai_gohan_tabi_kaku,2026-summer,2026-08-30,01:30:27,6.47,"19,412",75850,18
tsuihou_sareta_tensei_juukishi_wa_game_c,2026-summer,2026-08-30,01:30:27,6.74,"81,976",78911,27
yoroi_shin_den_samurai_troopers_part_2,2026-summer,2026-08-30,01:30:27,6.32,"2,938",14151,
youjosenki2,2026-summer,2026-08-30,01:30:27,8.29,"258,568",111553,5
buchigire_reijou_wa_houfuku_wo_chikaimas,2026-summer,2026-08-31,01:23:59,6.82,"35,358",84499,18
clevatess_ii_majuu_no_ou_to_itsuwari_no_,2026-summer,2026-08-31,01:23:59,7.71,"82,506",34867,33
dogulwang,2026-summer,2026-08-31,01:23:59,6.66,"45,125",,
futsutsuka_na_akujo_dewa_gozaimasu_ga_su,2026-summer,2026-08-31,01:23:59,8.17,"68,946",55446,28
gaikotsu_kishi-sama_tadaima_isekai_e_ode,2026-summer,2026-08-31,01:23:59,6.57,"88,025",78768,27
hell_mode_yarikomizuki_no_gamer_wa_hai_s,2026-summer,2026-08-31,01:23:59,7.23,"48,896",112221,1
heroine_seijo_iie_all_works_maid_desu_ho,2026-summer,2026-08-31,01:23:59,7.12,"33,454",73609,14
katainaka_no_ossan_kensei_ni_naru_ii,2026-summer,2026-08-31,01:23:59,7.19,"71,524",,
kimi_ga_shinu_made_koi_wo_shitai,2026-summer,2026-08-31,01:23:59,7.75,"84,967",53609,55
koko_wa_ore_ni_makasete_saki_ni_ike_to_i,2026-summer,2026-08-31,01:23:59,6.39,"49,251",104978,16
lv999_no_murabito,2026-summer,2026-08-31,01:23:59,6.12,"49,352",20790,
migawari_reijou_wo_sukutta_no_wa_reikoku,2026-summer,2026-08-31,01:23:59,5.65,"7,298",25653,65
mujikaku_seijo_wa_kyou_mo_muishiki_ni_ch,2026-summer,2026-08-31,01:23:59,6.46,"29,345",61567,22
mushoku_tensei_iii_isekai_ittara_honki_d,2026-summer,2026-08-31,01:23:59,8.55,"310,661",145948,11
neko_to_ryuu,2026-summer,2026-08-31,01:23:59,7.71,"38,900",55909,7
oni_no_hanayome,2026-summer,2026-08-31,01:23:59,6.87,"34,540",50632,17
otome_game_sekai_wa_mob_ni_kibishii_seka,2026-summer,2026-08-31,01:23:59,6.74,"104,872",73947,12
rakudai_kenja_no_gakuin_musou_nidome_no_,2026-summer,2026-08-31,01:23:59,6.27,"58,565",101398,3
ryoumin_0-nin_start_no_henkyou_ryoushu-s,2026-summer,2026-08-31,01:23:59,6.86,"43,117",,
saikyou_degarashi_ouji_no_anyaku_teii_ar,2026-summer,2026-08-31,01:23:59,6.31,"33,127",81151,23
sayonara_lara,2026-summer,2026-08-31,01:23:59,7.93,"49,907",20466,98
sekai_saikyou_no_kouei_meikyuukoku_no_sh,2026-summer,2026-08-31,01:23:59,5.67,"35,363",81614,25
suterare_seijo_no_isekai_gohan_tabi_kaku,2026-summer,2026-08-31,01:23:59,6.47,"19,494",76057,20
tsuihou_sareta_tensei_juukishi_wa_game_c,2026-summer,2026-08-31,01:23:59,6.73,"82,367",79125,30
yoroi_shin_den_samurai_troopers_part_2,2026-summer,2026-08-31,01:23:59,6.32,"2,948",14161,
youjosenki2,2026-summer,2026-08-31,01:23:59,8.29,"258,889",111862,6
buchigire_reijou_wa_houfuku_wo_chikaimas,2026-summer,2026-09-01,03:59:20,6.81,"35,702",84779,27
clevatess_ii_majuu_no_ou_to_itsuwari_no_,2026-summer,2026-09-01,03:59:20,7.71,"82,781",34926,48
dogulwang,2026-summer,2026-09-01,03:59:20,6.66,"45,382",,
futsutsuka_na_akujo_dewa_gozaimasu_ga_su,2026-summer,2026-09-01,03:59:20,8.19,"69,878",56038,13
gaikotsu_kishi-sama_tadaima_isekai_e_ode,2026-summer,2026-09-01,03:59:20,6.57,"88,235",78915,35
hell_mode_yarikomizuki_no_gamer_wa_hai_s,2026-summer,2026-09-01,03:59:20,7.23,"49,108",112394,8
heroine_seijo_iie_all_works_maid_desu_ho,2026-summer,2026-09-01,03:59:20,7.11,"33,576",73766,25
katainaka_no_ossan_kensei_ni_naru_ii,2026-summer,2026-09-01,03:59:20,7.19,"71,737",,
kimi_ga_shinu_made_koi_wo_shitai,2026-summer,2026-09-01,03:59:20,7.75,"85,217",53792,62
koko_wa_ore_ni_makasete_saki_ni_ike_to_i,2026-summer,2026-09-01,03:59:20,6.38,"49,471",105213,23
lv999_no_murabito,2026-summer,2026-09-01,03:59:20,6.12,"49,551",20838,
migawari_reijou_wo_sukutta_no_wa_reikoku,2026-summer,2026-09-01,03:59:20,5.65,"7,311",25711,65
mujikaku_seijo_wa_kyou_mo_muishiki_ni_ch,2026-summer,2026-09-01,03:59:20,6.45,"29,447",61656,34
mushoku_tensei_iii_isekai_ittara_honki_d,2026-summer,2026-09-01,03:59:20,8.55,"311,748",146428,3
neko_to_ryuu,2026-summer,2026-09-01,03:59:20,7.71,"39,228",56152,9
oni_no_hanayome,2026-summer,2026-09-01,03:59:20,6.87,"34,768",50846,7
otome_game_sekai_wa_mob_ni_kibishii_seka,2026-summer,2026-09-01,03:59:20,6.74,"105,090",74084,26
rakudai_kenja_no_gakuin_musou_nidome_no_,2026-summer,2026-09-01,03:59:20,6.27,"58,901",101622,11
ryoumin_0-nin_start_no_henkyou_ryoushu-s,2026-summer,2026-09-01,03:59:20,6.85,"43,348",,
saikyou_degarashi_ouji_no_anyaku_teii_ar,2026-summer,2026-09-01,03:59:20,6.31,"33,295",81367,32
sayonara_lara,2026-summer,2026-09-01,03:59:20,7.93,"50,338",20655,60
sekai_saikyou_no_kouei_meikyuukoku_no_sh,2026-summer,2026-09-01,03:59:20,5.66,"35,593",81943,6
suterare_seijo_no_isekai_gohan_tabi_kaku,2026-summer,2026-09-01,03:59:20,6.46,"19,569",76200,29
tsuihou_sareta_tensei_juukishi_wa_game_c,2026-summer,2026-09-01,03:59:20,6.73,"82,732",79771,12
yoroi_shin_den_samurai_troopers_part_2,2026-summer,2026-09-01,03:59:20,6.32,"2,954",14158,
youjosenki2,2026-summer,2026-09-01,03:59:20,8.29,"259,280",112123,19
buchigire_reijou_wa_houfuku_wo_chikaimas,2026-summer,2026-09-02,01:21:33,6.80,"35,960",85431,23
clevatess_ii_majuu_no_ou_to_itsuwari_no_,2026-summer,2026-09-02,01:21:33,7.70,"82,965",34975,62
dogulwang,2026-summer,2026-09-02,01:21:33,6.66,"45,519",,
futsutsuka_na_akujo_dewa_gozaimasu_ga_su,2026-summer,2026-09-02,01:21:33,8.19,"70,441",56517,3
gaikotsu_kishi-sama_tadaima_isekai_e_ode,2026-summer,2026-09-02,01:21:33,6.55,"88,433",79092,13
hell_mode_yarikomizuki_no_gamer_wa_hai_s,2026-summer,2026-09-02,01:21:33,7.23,"49,253",112535,11
heroine_seijo_iie_all_works_maid_desu_ho,2026-summer,2026-09-02,01:21:33,7.12,"33,662",73871,32
katainaka_no_ossan_kensei_ni_naru_ii,2026-summer,2026-09-02,01:21:33,7.19,"71,878",,
kimi_ga_shinu_made_koi_wo_shitai,2026-summer,2026-09-02,01:21:33,7.75,"85,423",54014,70
koko_wa_ore_ni_makasete_saki_ni_ike_to_i,2026-summer,2026-09-02,01:21:33,6.37,"49,636",105414,7
lv999_no_murabito,2026-summer,2026-09-02,01:21:33,6.11,"49,692",20885,
migawari_reijou_wo_sukutta_no_wa_reikoku,2026-summer,2026-09-02,01:21:33,5.66,"7,324",25816,68
mujikaku_seijo_wa_kyou_mo_muishiki_ni_ch,2026-summer,2026-09-02,01:21:33,6.45,"29,543",61902,40
mushoku_tensei_iii_isekai_ittara_honki_d,2026-summer,2026-09-02,01:21:33,8.55,"312,400",146764,1
neko_to_ryuu,2026-summer,2026-09-02,01:21:33,7.71,"39,368",56289,21
oni_no_hanayome,2026-summer,2026-09-02,01:21:33,6.87,"34,922",51005,18
otome_game_sekai_wa_mob_ni_kibishii_seka,2026-summer,2026-09-02,01:21:33,6.74,"105,270",74174,36
rakudai_kenja_no_gakuin_musou_nidome_no_,2026-summer,2026-09-02,01:21:33,6.26,"59,086",101799,19
ryoumin_0-nin_start_no_henkyou_ryoushu-s,2026-summer,2026-09-02,01:21:33,6.85,"43,489",,
saikyou_degarashi_ouji_no_anyaku_teii_ar,2026-summer,2026-09-02,01:21:33,6.31,"33,436",81578,6
sayonara_lara,2026-summer,2026-09-02,01:21:33,7.93,"50,566",20715,26
sekai_saikyou_no_kouei_meikyuukoku_no_sh,2026-summer,2026-09-02,01:21:33,5.66,"35,716",82203,4
suterare_seijo_no_isekai_gohan_tabi_kaku,2026-summer,2026-09-02,01:21:33,6.46,"19,665",76615,27
tsuihou_sareta_tensei_juukishi_wa_game_c,2026-summer,2026-09-02,01:21:33,6.72,"82,984",80108,2
yoroi_shin_den_samurai_troopers_part_2,2026-summer,2026-09-02,01:21:33,6.31,"2,962",14164,
youjosenki2,2026-summer,2026-09-02,01:21:33,8.29,"259,529",112314,25
buchigire_reijou_wa_houfuku_wo_chikaimas,2026-summer,2026-09-03,01:21:50,6.79,"36,234",85772,1
clevatess_ii_majuu_no_ou_to_itsuwari_no_,2026-summer,2026-09-03,01:21:50,7.70,"83,172",35088,68
dogulwang,2026-summer,2026-09-03,01:21:50,6.65,"45,734",,
futsutsuka_na_akujo_dewa_gozaimasu_ga_su,2026-summer,2026-09-03,01:21:50,8.19,"70,972",56931,13
gaikotsu_kishi-sama_tadaima_isekai_e_ode,2026-summer,2026-09-03,01:21:50,6.55,"88,603",79254,4
hell_mode_yarikomizuki_no_gamer_wa_hai_s,2026-summer,2026-09-03,01:21:50,7.23,"49,418",112649,21
heroine_seijo_iie_all_works_maid_desu_ho,2026-summer,2026-09-03,01:21:50,7.12,"33,785",74031,39
katainaka_no_ossan_kensei_ni_naru_ii,2026-summer,2026-09-03,01:21:50,7.19,"72,022",,
kimi_ga_shinu_made_koi_wo_shitai,2026-summer,2026-09-03,01:21:50,7.75,"85,701",54352,35
koko_wa_ore_ni_makasete_saki_ni_ike_to_i,2026-summer,2026-09-03,01:21:50,6.37,"49,794",105633,3
lv999_no_murabito,2026-summer,2026-09-03,01:21:50,6.11,"49,860",20959,
migawari_reijou_wo_sukutta_no_wa_reikoku,2026-summer,2026-09-03,01:21:50,5.62,"7,346",25910,23
mujikaku_seijo_wa_kyou_mo_muishiki_ni_ch,2026-summer,2026-09-03,01:21:50,6.44,"29,705",62170,7
mushoku_tensei_iii_isekai_ittara_honki_d,2026-summer,2026-09-03,01:21:50,8.55,"313,185",147063,6
neko_to_ryuu,2026-summer,2026-09-03,01:21:50,7.71,"39,534",56422,38
oni_no_hanayome,2026-summer,2026-09-03,01:21:50,6.87,"35,097",51150,31
otome_game_sekai_wa_mob_ni_kibishii_seka,2026-summer,2026-09-03,01:21:50,6.74,"105,453",74288,43
rakudai_kenja_no_gakuin_musou_nidome_no_,2026-summer,2026-09-03,01:21:50,6.26,"59,281",101884,27
ryoumin_0-nin_start_no_henkyou_ryoushu-s,2026-summer,2026-09-03,01:21:50,6.85,"43,649",,
saikyou_degarashi_ouji_no_anyaku_teii_ar,2026-summer,2026-09-03,01:21:50,6.31,"33,570",81819,5
sayonara_lara,2026-summer,2026-09-03,01:21:50,7.94,"50,826",20785,55
sekai_saikyou_no_kouei_meikyuukoku_no_sh,2026-summer,2026-09-03,01:21:50,5.66,"35,850",82426,14
suterare_seijo_no_isekai_gohan_tabi_kaku,2026-summer,2026-09-03,01:21:50,6.46,"19,760",76873,2
tsuihou_sareta_tensei_juukishi_wa_game_c,2026-summer,2026-09-03,01:21:50,6.72,"83,269",80366,11
yoroi_shin_den_samurai_troopers_part_2,2026-summer,2026-09-03,01:21:50,6.32,"2,972",14187,86
youjosenki2,2026-summer,2026-09-03,01:21:50,8.29,"259,816",112500,30
buchigire_reijou_wa_houfuku_wo_chikaimas,2026-summer,2026-09-04,01:09:33,6.78,"36,421",86034,4
clevatess_ii_majuu_no_ou_to_itsuwari_no_,2026-summer,2026-09-04,01:09:33,7.70,"83,452",35231,17
dogulwang,2026-summer,2026-09-04,01:09:33,6.65,"45,982",,
futsutsuka_na_akujo_dewa_gozaimasu_ga_su,2026-summer,2026-09-04,01:09:33,8.19,"71,440",57231,23
gaikotsu_kishi-sama_tadaima_isekai_e_ode,2026-summer,2026-09-04,01:09:33,6.54,"88,780",79390,12
hell_mode_yarikomizuki_no_gamer_wa_hai_s,2026-summer,2026-09-04,01:09:33,7.23,"49,557",112760,29
heroine_seijo_iie_all_works_maid_desu_ho,2026-summer,2026-09-04,01:09:33,7.11,"33,948",74223,8
katainaka_no_ossan_kensei_ni_naru_ii,2026-summer,2026-09-04,01:09:33,7.18,"72,247",,
kimi_ga_shinu_made_koi_wo_shitai,2026-summer,2026-09-04,01:09:33,7.76,"85,987",54519,16
koko_wa_ore_ni_makasete_saki_ni_ike_to_i,2026-summer,2026-09-04,01:09:33,6.36,"49,940",105825,7
lv999_no_murabito,2026-summer,2026-09-04,01:09:33,6.10,"50,123",21059,
migawari_reijou_wo_sukutta_no_wa_reikoku,2026-summer,2026-09-04,01:09:33,5.63,"7,367",25993,21
mujikaku_seijo_wa_kyou_mo_muishiki_ni_ch,2026-summer,2026-09-04,01:09:33,6.43,"29,817",62402,2
mushoku_tensei_iii_isekai_ittara_honki_d,2026-summer,2026-09-04,01:09:33,8.54,"313,880",147346,6
neko_to_ryuu,2026-summer,2026-09-04,01:09:33,7.71,"39,707",56516,43
oni_no_hanayome,2026-summer,2026-09-04,01:09:33,6.86,"35,244",51293,42
otome_game_sekai_wa_mob_ni_kibishii_seka,2026-summer,2026-09-04,01:09:33,6.74,"105,737",74551,15
rakudai_kenja_no_gakuin_musou_nidome_no_,2026-summer,2026-09-04,01:09:33,6.26,"59,482",102023,31
ryoumin_0-nin_start_no_henkyou_ryoushu-s,2026-summer,2026-09-04,01:09:33,6.84,"43,771",,
saikyou_degarashi_ouji_no_anyaku_teii_ar,2026-summer,2026-09-04,01:09:33,6.31,"33,684",82008,11
sayonara_lara,2026-summer,2026-09-04,01:09:33,7.94,"51,064",20855,74
sekai_saikyou_no_kouei_meikyuukoku_no_sh,2026-summer,2026-09-04,01:09:33,5.65,"35,978",82565,22
suterare_seijo_no_isekai_gohan_tabi_kaku,2026-summer,2026-09-04,01:09:33,6.45,"19,846",77057,10
tsuihou_sareta_tensei_juukishi_wa_game_c,2026-summer,2026-09-04,01:09:33,6.72,"83,555",80552,19
yoroi_shin_den_samurai_troopers_part_2,2026-summer,2026-09-04,01:09:33,6.31,"2,981",14189,53
youjosenki2,2026-summer,2026-09-04,01:09:33,8.28,"260,144",112780,5
buchigire_reijou_wa_houfuku_wo_chikaimas,2026-summer,2026-09-05,23:54:12,6.78,"36,925",86447,15
clevatess_ii_majuu_no_ou_to_itsuwari_no_,2026-summer,2026-09-05,23:54:12,7.71,"83,880",35393,20
dogulwang,2026-summer,2026-09-05,23:54:12,6.65,"46,382",,
futsutsuka_na_akujo_dewa_gozaimasu_ga_su,2026-summer,2026-09-05,23:54:12,8.19,"72,400",57813,28
gaikotsu_kishi-sama_tadaima_isekai_e_ode,2026-summer,2026-09-05,23:54:12,6.54,"89,125",79579,25
hell_mode_yarikomizuki_no_gamer_wa_hai_s,2026-summer,2026-09-05,23:54:12,7.23,"49,920",113057,8
heroine_seijo_iie_all_works_maid_desu_ho,2026-summer,2026-09-05,23:54:12,7.11,"34,175",74534,10
katainaka_no_ossan_kensei_ni_naru_ii,2026-summer,2026-09-05,23:54:12,7.18,"72,584",,
kimi_ga_shinu_made_koi_wo_shitai,2026-summer,2026-09-05,23:54:12,7.76,"86,347",54950,44
koko_wa_ore_ni_makasete_saki_ni_ike_to_i,2026-summer,2026-09-05,23:54:12,6.35,"50,337",106120,14
lv999_no_murabito,2026-summer,2026-09-05,23:54:12,6.09,"50,450",21178,
migawari_reijou_wo_sukutta_no_wa_reikoku,2026-summer,2026-09-05,23:54:12,5.62,"7,397",26062,57
mujikaku_seijo_wa_kyou_mo_muishiki_ni_ch,2026-summer,2026-09-05,23:54:12,6.43,"30,021",62721,16
mushoku_tensei_iii_isekai_ittara_honki_d,2026-summer,2026-09-05,23:54:12,8.54,"315,211",147829,11
neko_to_ryuu,2026-summer,2026-09-05,23:54:12,7.72,"39,990",56799,45
oni_no_hanayome,2026-summer,2026-09-05,23:54:12,6.86,"35,537",51557,42
otome_game_sekai_wa_mob_ni_kibishii_seka,2026-summer,2026-09-05,23:54:12,6.74,"106,187",74941,7
rakudai_kenja_no_gakuin_musou_nidome_no_,2026-summer,2026-09-05,23:54:12,6.24,"60,210",102473,1
ryoumin_0-nin_start_no_henkyou_ryoushu-s,2026-summer,2026-09-05,23:54:12,6.80,"44,178",,
saikyou_degarashi_ouji_no_anyaku_teii_ar,2026-summer,2026-09-05,23:54:12,6.31,"33,918",82261,22
sayonara_lara,2026-summer,2026-09-05,23:54:12,7.94,"51,582",20993,105
sekai_saikyou_no_kouei_meikyuukoku_no_sh,2026-summer,2026-09-05,23:54:12,5.65,"36,206",82857,26
suterare_seijo_no_isekai_gohan_tabi_kaku,2026-summer,2026-09-05,23:54:12,6.45,"19,991",77391,19
tsuihou_sareta_tensei_juukishi_wa_game_c,2026-summer,2026-09-05,23:54:12,6.74,"84,381",80927,27
yoroi_shin_den_samurai_troopers_part_2,2026-summer,2026-09-05,23:54:12,6.31,"2,987",14210,
youjosenki2,2026-summer,2026-09-05,23:54:12,8.28,"260,656",113310,6
buchigire_reijou_wa_houfuku_wo_chikaimas,2026-summer,2026-09-07,00:14:16,6.78,"37,163",86692,21
clevatess_ii_majuu_no_ou_to_itsuwari_no_,2026-summer,2026-09-07,00:14:16,7.71,"84,118",35453,38
dogulwang,2026-summer,2026-09-07,00:14:16,6.65,"46,573",,
futsutsuka_na_akujo_dewa_gozaimasu_ga_su,2026-summer,2026-09-07,00:14:16,8.19,"72,908",58189,32
gaikotsu_kishi-sama_tadaima_isekai_e_ode,2026-summer,2026-09-07,00:14:16,6.54,"89,308",79652,30
hell_mode_yarikomizuki_no_gamer_wa_hai_s,2026-summer,2026-09-07,00:14:16,7.22,"50,149",113291,1
heroine_seijo_iie_all_works_maid_desu_ho,2026-summer,2026-09-07,00:14:16,7.11,"34,286",74674,16
katainaka_no_ossan_kensei_ni_naru_ii,2026-summer,2026-09-07,00:14:16,7.18,"72,760",,
kimi_ga_shinu_made_koi_wo_shitai,2026-summer,2026-09-07,00:14:16,7.75,"86,555",55165,53
koko_wa_ore_ni_makasete_saki_ni_ike_to_i,2026-summer,2026-09-07,00:14:16,6.34,"50,550",106312,18
lv999_no_murabito,2026-summer,2026-09-07,00:14:16,6.08,"50,630",21222,
migawari_reijou_wo_sukutta_no_wa_reikoku,2026-summer,2026-09-07,00:14:16,5.62,"7,414",26144,69
mujikaku_seijo_wa_kyou_mo_muishiki_ni_ch,2026-summer,2026-09-07,00:14:16,6.42,"30,134",62850,26
mushoku_tensei_iii_isekai_ittara_honki_d,2026-summer,2026-09-07,00:14:16,8.54,"315,949",148227,11
neko_to_ryuu,2026-summer,2026-09-07,00:14:16,7.73,"40,212",57031,9
oni_no_hanayome,2026-summer,2026-09-07,00:14:16,6.86,"35,804",52039,19
otome_game_sekai_wa_mob_ni_kibishii_seka,2026-summer,2026-09-07,00:14:16,6.74,"106,419",75092,15
rakudai_kenja_no_gakuin_musou_nidome_no_,2026-summer,2026-09-07,00:14:16,6.23,"60,520",102713,3
ryoumin_0-nin_start_no_henkyou_ryoushu-s,2026-summer,2026-09-07,00:14:16,6.79,"44,399",,
saikyou_degarashi_ouji_no_anyaku_teii_ar,2026-summer,2026-09-07,00:14:16,6.31,"34,076",82389,25
sayonara_lara,2026-summer,2026-09-07,00:14:16,7.94,"51,852",21067,96
sekai_saikyou_no_kouei_meikyuukoku_no_sh,2026-summer,2026-09-07,00:14:16,5.64,"36,359",83121,27
suterare_seijo_no_isekai_gohan_tabi_kaku,2026-summer,2026-09-07,00:14:16,6.45,"20,071",77547,22
tsuihou_sareta_tensei_juukishi_wa_game_c,2026-summer,2026-09-07,00:14:16,6.74,"84,769",81190,29
yoroi_shin_den_samurai_troopers_part_2,2026-summer,2026-09-07,00:14:16,6.30,"2,995",14221,
youjosenki2,2026-summer,2026-09-07,00:14:16,8.28,"260,941",113540,8
buchigire_reijou_wa_houfuku_wo_chikaimas,2026-summer,2026-09-08,02:35:29,6.77,"37,405",86899,28
clevatess_ii_majuu_no_ou_to_itsuwari_no_,2026-summer,2026-09-08,02:35:29,7.71,"84,359",35492,51
dogulwang,2026-summer,2026-09-08,02:35:29,6.65,"46,799",,
futsutsuka_na_akujo_dewa_gozaimasu_ga_su,2026-summer,2026-09-08,02:35:29,8.20,"73,710",58817,12
gaikotsu_kishi-sama_tadaima_isekai_e_ode,2026-summer,2026-09-08,02:35:29,6.53,"89,504",79800,36
hell_mode_yarikomizuki_no_gamer_wa_hai_s,2026-summer,2026-09-08,02:35:29,7.22,"50,350",113469,7
heroine_seijo_iie_all_works_maid_desu_ho,2026-summer,2026-09-08,02:35:29,7.10,"34,411",74789,29
katainaka_no_ossan_kensei_ni_naru_ii,2026-summer,2026-09-08,02:35:29,7.17,"72,947",,
kimi_ga_shinu_made_koi_wo_shitai,2026-summer,2026-09-08,02:35:29,7.75,"86,790",55382,60
koko_wa_ore_ni_makasete_saki_ni_ike_to_i,2026-summer,2026-09-08,02:35:29,6.33,"50,750",106537,24
lv999_no_murabito,2026-summer,2026-09-08,02:35:29,6.08,"50,804",21268,
migawari_reijou_wo_sukutta_no_wa_reikoku,2026-summer,2026-09-08,02:35:29,5.62,"7,423",26204,66
mujikaku_seijo_wa_kyou_mo_muishiki_ni_ch,2026-summer,2026-09-08,02:35:29,6.42,"30,243",62962,39
mushoku_tensei_iii_isekai_ittara_honki_d,2026-summer,2026-09-08,02:35:29,8.54,"317,100",148754,3
neko_to_ryuu,2026-summer,2026-09-08,02:35:29,7.73,"40,408",57219,10
oni_no_hanayome,2026-summer,2026-09-08,02:35:29,6.86,"36,055",52351,5
otome_game_sekai_wa_mob_ni_kibishii_seka,2026-summer,2026-09-08,02:35:29,6.74,"106,639",75190,30
rakudai_kenja_no_gakuin_musou_nidome_no_,2026-summer,2026-09-08,02:35:29,6.23,"60,787",102889,13
ryoumin_0-nin_start_no_henkyou_ryoushu-s,2026-summer,2026-09-08,02:35:29,6.78,"44,579",,
saikyou_degarashi_ouji_no_anyaku_teii_ar,2026-summer,2026-09-08,02:35:29,6.31,"34,231",82669,33
sayonara_lara,2026-summer,2026-09-08,02:35:29,7.95,"52,301",21369,61
sekai_saikyou_no_kouei_meikyuukoku_no_sh,2026-summer,2026-09-08,02:35:29,5.63,"36,563",83410,6
suterare_seijo_no_isekai_gohan_tabi_kaku,2026-summer,2026-09-08,02:35:29,6.44,"20,165",77671,31
tsuihou_sareta_tensei_juukishi_wa_game_c,2026-summer,2026-09-08,02:35:29,6.74,"85,116",81691,11
yoroi_shin_den_samurai_troopers_part_2,2026-summer,2026-09-08,02:35:29,6.30,"3,003",14232,
youjosenki2,2026-summer,2026-09-08,02:35:29,8.27,"261,306",113705,20
buchigire_reijou_wa_houfuku_wo_chikaimas,2026-summer,2026-09-09,01:22:10,6.76,"37,681",87529,25
clevatess_ii_majuu_no_ou_to_itsuwari_no_,2026-summer,2026-09-09,01:22:10,7.71,"84,583",35539,60
dogulwang,2026-summer,2026-09-09,01:22:10,6.64,"46,955",,
futsutsuka_na_akujo_dewa_gozaimasu_ga_su,2026-summer,2026-09-09,01:22:10,8.20,"74,303",59247,3
gaikotsu_kishi-sama_tadaima_isekai_e_ode,2026-summer,2026-09-09,01:22:10,6.52,"89,713",79952,13
hell_mode_yarikomizuki_no_gamer_wa_hai_s,2026-summer,2026-09-09,01:22:10,7.22,"50,499",113574,10
heroine_seijo_iie_all_works_maid_desu_ho,2026-summer,2026-09-09,01:22:10,7.10,"34,515",74874,34
katainaka_no_ossan_kensei_ni_naru_ii,2026-summer,2026-09-09,01:22:10,7.17,"73,095",,
kimi_ga_shinu_made_koi_wo_shitai,2026-summer,2026-09-09,01:22:10,7.75,"86,979",55680,65
koko_wa_ore_ni_makasete_saki_ni_ike_to_i,2026-summer,2026-09-09,01:22:10,6.33,"50,924",106725,7
lv999_no_murabito,2026-summer,2026-09-09,01:22:10,6.07,"50,932",21299,
migawari_reijou_wo_sukutta_no_wa_reikoku,2026-summer,2026-09-09,01:22:10,5.62,"7,448",26282,69
mujikaku_seijo_wa_kyou_mo_muishiki_ni_ch,2026-summer,2026-09-09,01:22:10,6.42,"30,332",63106,47
mushoku_tensei_iii_isekai_ittara_honki_d,2026-summer,2026-09-09,01:22:10,8.54,"317,898",149054,1
neko_to_ryuu,2026-summer,2026-09-09,01:22:10,7.74,"40,582",57328,23
oni_no_hanayome,2026-summer,2026-09-09,01:22:10,6.86,"36,247",52539,15
otome_game_sekai_wa_mob_ni_kibishii_seka,2026-summer,2026-09-09,01:22:10,6.74,"106,794",75250,38
rakudai_kenja_no_gakuin_musou_nidome_no_,2026-summer,2026-09-09,01:22:10,6.22,"61,035",102996,20
ryoumin_0-nin_start_no_henkyou_ryoushu-s,2026-summer,2026-09-09,01:22:10,6.78,"44,731",,
saikyou_degarashi_ouji_no_anyaku_teii_ar,2026-summer,2026-09-09,01:22:10,6.31,"34,413",82874,6
sayonara_lara,2026-summer,2026-09-09,01:22:10,7.95,"52,610",21415,26
sekai_saikyou_no_kouei_meikyuukoku_no_sh,2026-summer,2026-09-09,01:22:10,5.62,"36,692",83577,4
suterare_seijo_no_isekai_gohan_tabi_kaku,2026-summer,2026-09-09,01:22:10,6.44,"20,262",77901,29
tsuihou_sareta_tensei_juukishi_wa_game_c,2026-summer,2026-09-09,01:22:10,6.74,"85,379",81923,2
yoroi_shin_den_samurai_troopers_part_2,2026-summer,2026-09-09,01:22:10,6.29,"3,010",14245,
youjosenki2,2026-summer,2026-09-09,01:22:10,8.27,"261,574",113819,27
buchigire_reijou_wa_houfuku_wo_chikaimas,2026-summer,2026-09-10,01:17:27,6.76,"37,905",87779,1
clevatess_ii_majuu_no_ou_to_itsuwari_no_,2026-summer,2026-09-10,01:17:27,7.71,"84,816",35656,68
dogulwang,2026-summer,2026-09-10,01:17:27,6.64,"47,134",,
futsutsuka_na_akujo_dewa_gozaimasu_ga_su,2026-summer,2026-09-10,01:17:27,8.20,"74,854",59678,14
gaikotsu_kishi-sama_tadaima_isekai_e_ode,2026-summer,2026-09-10,01:17:27,6.52,"89,926",80061,5
hell_mode_yarikomizuki_no_gamer_wa_hai_s,2026-summer,2026-09-10,01:17:27,7.22,"50,663",113659,21
heroine_seijo_iie_all_works_maid_desu_ho,2026-summer,2026-09-10,01:17:27,7.18,"34,692",74756,42
katainaka_no_ossan_kensei_ni_naru_ii,2026-summer,2026-09-10,01:17:27,7.17,"73,278",,
kimi_ga_shinu_made_koi_wo_shitai,2026-summer,2026-09-10,01:17:27,7.74,"87,231",56323,35
koko_wa_ore_ni_makasete_saki_ni_ike_to_i,2026-summer,2026-09-10,01:17:27,6.33,"51,098",106901,3
lv999_no_murabito,2026-summer,2026-09-10,01:17:27,6.09,"51,125",21355,
migawari_reijou_wo_sukutta_no_wa_reikoku,2026-summer,2026-09-10,01:17:27,5.62,"7,468",26364,24
mujikaku_seijo_wa_kyou_mo_muishiki_ni_ch,2026-summer,2026-09-10,01:17:27,6.40,"30,530",63307,8
mushoku_tensei_iii_isekai_ittara_honki_d,2026-summer,2026-09-10,01:17:27,8.54,"318,675",149320,6
neko_to_ryuu,2026-summer,2026-09-10,01:17:27,7.74,"40,736",57438,40
oni_no_hanayome,2026-summer,2026-09-10,01:17:27,6.86,"36,420",52694,32
otome_game_sekai_wa_mob_ni_kibishii_seka,2026-summer,2026-09-10,01:17:27,6.75,"106,973",75330,46
rakudai_kenja_no_gakuin_musou_nidome_no_,2026-summer,2026-09-10,01:17:27,6.22,"61,277",103110,29
ryoumin_0-nin_start_no_henkyou_ryoushu-s,2026-summer,2026-09-10,01:17:27,6.77,"44,870",,
saikyou_degarashi_ouji_no_anyaku_teii_ar,2026-summer,2026-09-10,01:17:27,6.31,"34,551",83069,4
sayonara_lara,2026-summer,2026-09-10,01:17:27,7.95,"52,893",21496,57
sekai_saikyou_no_kouei_meikyuukoku_no_sh,2026-summer,2026-09-10,01:17:27,5.62,"36,816",83774,15
suterare_seijo_no_isekai_gohan_tabi_kaku,2026-summer,2026-09-10,01:17:27,6.44,"20,355",78116,2
tsuihou_sareta_tensei_juukishi_wa_game_c,2026-summer,2026-09-10,01:17:27,6.74,"85,675",82171,12
yoroi_shin_den_samurai_troopers_part_2,2026-summer,2026-09-10,01:17:27,6.29,"3,023",14259,91
youjosenki2,2026-summer,2026-09-10,01:17:27,8.27,"261,830",113966,34
buchigire_reijou_wa_houfuku_wo_chikaimas,2026-summer,2026-09-11,01:08:29,6.76,"38,091",87996,3
clevatess_ii_majuu_no_ou_to_itsuwari_no_,2026-summer,2026-09-11,01:08:29,7.72,"85,051",35821,16
dogulwang,2026-summer,2026-09-11,01:08:29,6.64,"47,437",,
futsutsuka_na_akujo_dewa_gozaimasu_ga_su,2026-summer,2026-09-11,01:08:29,8.20,"75,291",59942,23
gaikotsu_kishi-sama_tadaima_isekai_e_ode,2026-summer,2026-09-11,01:08:29,6.51,"90,099",80191,15
hell_mode_yarikomizuki_no_gamer_wa_hai_s,2026-summer,2026-09-11,01:08:29,7.22,"50,829",113720,30
heroine_seijo_iie_all_works_maid_desu_ho,2026-summer,2026-09-11,01:08:29,7.08,"36,058",73913,4
katainaka_no_ossan_kensei_ni_naru_ii,2026-summer,2026-09-11,01:08:29,7.17,"73,503",,
kimi_ga_shinu_made_koi_wo_shitai,2026-summer,2026-09-11,01:08:29,7.74,"87,422",56526,14
koko_wa_ore_ni_makasete_saki_ni_ike_to_i,2026-summer,2026-09-11,01:08:29,6.32,"51,270",107014,6
lv999_no_murabito,2026-summer,2026-09-11,01:08:29,6.13,"53,015",21455,
migawari_reijou_wo_sukutta_no_wa_reikoku,2026-summer,2026-09-11,01:08:29,5.56,"7,495",26406,20
mujikaku_seijo_wa_kyou_mo_muishiki_ni_ch,2026-summer,2026-09-11,01:08:29,6.39,"30,697",63466,2
mushoku_tensei_iii_isekai_ittara_honki_d,2026-summer,2026-09-11,01:08:29,8.54,"319,332",149535,5
neko_to_ryuu,2026-summer,2026-09-11,01:08:29,7.74,"40,867",57553,45
oni_no_hanayome,2026-summer,2026-09-11,01:08:29,6.85,"36,591",52843,41
otome_game_sekai_wa_mob_ni_kibishii_seka,2026-summer,2026-09-11,01:08:29,6.74,"107,216",75487,18
rakudai_kenja_no_gakuin_musou_nidome_no_,2026-summer,2026-09-11,01:08:29,6.20,"61,577",103064,32
ryoumin_0-nin_start_no_henkyou_ryoushu-s,2026-summer,2026-09-11,01:08:29,6.77,"45,031",,
saikyou_degarashi_ouji_no_anyaku_teii_ar,2026-summer,2026-09-11,01:08:29,6.31,"34,690",83209,11
sayonara_lara,2026-summer,2026-09-11,01:08:29,7.95,"53,126",21566,75
sekai_saikyou_no_kouei_meikyuukoku_no_sh,2026-summer,2026-09-11,01:08:29,5.62,"36,986",83909,22
suterare_seijo_no_isekai_gohan_tabi_kaku,2026-summer,2026-09-11,01:08:29,6.43,"20,444",78284,8
tsuihou_sareta_tensei_juukishi_wa_game_c,2026-summer,2026-09-11,01:08:29,6.74,"85,944",82361,19
yoroi_shin_den_samurai_troopers_part_2,2026-summer,2026-09-11,01:08:29,6.29,"3,029",14265,52
youjosenki2,2026-summer,2026-09-11,01:08:29,8.26,"262,118",114139,7
buchigire_reijou_wa_houfuku_wo_chikaimas,2026-summer,2026-09-12,01:12:16,6.75,"38,280",88133,13
clevatess_ii_majuu_no_ou_to_itsuwari_no_,2026-summer,2026-09-12,01:12:16,7.72,"85,334",35937,7
dogulwang,2026-summer,2026-09-12,01:12:16,6.64,"47,718",,
futsutsuka_na_akujo_dewa_gozaimasu_ga_su,2026-summer,2026-09-12,01:12:16,8.20,"75,801",60186,28
gaikotsu_kishi-sama_tadaima_isekai_e_ode,2026-summer,2026-09-12,01:12:16,6.51,"90,290",80276,23
hell_mode_yarikomizuki_no_gamer_wa_hai_s,2026-summer,2026-09-12,01:12:16,7.21,"51,000",113769,29
heroine_seijo_iie_all_works_maid_desu_ho,2026-summer,2026-09-12,01:12:16,7.06,"36,618",73568,4
katainaka_no_ossan_kensei_ni_naru_ii,2026-summer,2026-09-12,01:12:16,7.17,"73,721",,
kimi_ga_shinu_made_koi_wo_shitai,2026-summer,2026-09-12,01:12:16,7.74,"87,606",56725,33
koko_wa_ore_ni_makasete_saki_ni_ike_to_i,2026-summer,2026-09-12,01:12:16,6.31,"51,463",107151,14
lv999_no_murabito,2026-summer,2026-09-12,01:12:16,6.13,"54,022",21524,
migawari_reijou_wo_sukutta_no_wa_reikoku,2026-summer,2026-09-12,01:12:16,5.57,"7,508",26441,48
mujikaku_seijo_wa_kyou_mo_muishiki_ni_ch,2026-summer,2026-09-12,01:12:16,6.39,"30,830",63578,11
mushoku_tensei_iii_isekai_ittara_honki_d,2026-summer,2026-09-12,01:12:16,8.54,"319,995",149749,12
neko_to_ryuu,2026-summer,2026-09-12,01:12:16,7.74,"41,021",57625,51
oni_no_hanayome,2026-summer,2026-09-12,01:12:16,6.86,"36,750",52966,43
otome_game_sekai_wa_mob_ni_kibishii_seka,2026-summer,2026-09-12,01:12:16,6.74,"107,446",75659,2
rakudai_kenja_no_gakuin_musou_nidome_no_,2026-summer,2026-09-12,01:12:16,6.18,"64,646",101644,6
ryoumin_0-nin_start_no_henkyou_ryoushu-s,2026-summer,2026-09-12,01:12:16,6.77,"45,226",,
saikyou_degarashi_ouji_no_anyaku_teii_ar,2026-summer,2026-09-12,01:12:16,6.31,"34,824",83296,21
sayonara_lara,2026-summer,2026-09-12,01:12:16,7.95,"53,342",21616,94
sekai_saikyou_no_kouei_meikyuukoku_no_sh,2026-summer,2026-09-12,01:12:16,5.61,"37,147",84015,26
suterare_seijo_no_isekai_gohan_tabi_kaku,2026-summer,2026-09-12,01:12:16,6.43,"20,520",78386,17
tsuihou_sareta_tensei_juukishi_wa_game_c,2026-summer,2026-09-12,01:12:16,6.75,"86,514",82518,24
yoroi_shin_den_samurai_troopers_part_2,2026-summer,2026-09-12,01:12:16,6.28,"3,034",14269,141
youjosenki2,2026-summer,2026-09-12,01:12:16,8.26,"262,430",114356,3
buchigire_reijou_wa_houfuku_wo_chikaimas,2026-summer,2026-09-13,00:18:56,6.75,"38,454",88293,15
clevatess_ii_majuu_no_ou_to_itsuwari_no_,2026-summer,2026-09-13,00:18:56,7.72,"85,531",36032,21
dogulwang,2026-summer,2026-09-13,00:18:56,6.63,"47,937",,
futsutsuka_na_akujo_dewa_gozaimasu_ga_su,2026-summer,2026-09-13,00:18:56,8.20,"76,290",60444,29
gaikotsu_kishi-sama_tadaima_isekai_e_ode,2026-summer,2026-09-13,00:18:56,6.51,"90,429",80343,27
hell_mode_yarikomizuki_no_gamer_wa_hai_s,2026-summer,2026-09-13,00:18:56,7.22,"51,246",113963,8
heroine_seijo_iie_all_works_maid_desu_ho,2026-summer,2026-09-13,00:18:56,7.05,"36,985",73249,10
katainaka_no_ossan_kensei_ni_naru_ii,2026-summer,2026-09-13,00:18:56,7.17,"73,898",,
kimi_ga_shinu_made_koi_wo_shitai,2026-summer,2026-09-13,00:18:56,7.74,"87,768",56860,45
koko_wa_ore_ni_makasete_saki_ni_ike_to_i,2026-summer,2026-09-13,00:18:56,6.30,"51,721",107275,14
lv999_no_murabito,2026-summer,2026-09-13,00:18:56,6.12,"54,634",21600,
migawari_reijou_wo_sukutta_no_wa_reikoku,2026-summer,2026-09-13,00:18:56,5.56,"7,520",26467,57
mujikaku_seijo_wa_kyou_mo_muishiki_ni_ch,2026-summer,2026-09-13,00:18:56,6.38,"30,939",63705,18
mushoku_tensei_iii_isekai_ittara_honki_d,2026-summer,2026-09-13,00:18:56,8.54,"320,632",150003,11
neko_to_ryuu,2026-summer,2026-09-13,00:18:56,7.77,"41,239",57567,53
oni_no_hanayome,2026-summer,2026-09-13,00:18:56,6.86,"36,920",53125,42
otome_game_sekai_wa_mob_ni_kibishii_seka,2026-summer,2026-09-13,00:18:56,6.74,"107,670",75866,7
rakudai_kenja_no_gakuin_musou_nidome_no_,2026-summer,2026-09-13,00:18:56,6.18,"65,869",101040,1
ryoumin_0-nin_start_no_henkyou_ryoushu-s,2026-summer,2026-09-13,00:18:56,6.76,"45,501",,
saikyou_degarashi_ouji_no_anyaku_teii_ar,2026-summer,2026-09-13,00:18:56,6.30,"34,940",83415,23
sayonara_lara,2026-summer,2026-09-13,00:18:56,7.95,"53,544",21673,111
sekai_saikyou_no_kouei_meikyuukoku_no_sh,2026-summer,2026-09-13,00:18:56,5.61,"37,253",84172,26
suterare_seijo_no_isekai_gohan_tabi_kaku,2026-summer,2026-09-13,00:18:56,6.43,"20,593",78507,19
tsuihou_sareta_tensei_juukishi_wa_game_c,2026-summer,2026-09-13,00:18:56,6.75,"86,938",82719,25
yoroi_shin_den_samurai_troopers_part_2,2026-summer,2026-09-13,00:18:56,6.29,"3,039",14260,
youjosenki2,2026-summer,2026-09-13,00:18:56,8.26,"262,692",114621,6
buchigire_reijou_wa_houfuku_wo_chikaimas,2026-summer,2026-09-14,00:55:46,6.75,"38,635",88437,21
clevatess_ii_majuu_no_ou_to_itsuwari_no_,2026-summer,2026-09-14,00:55:46,7.72,"85,825",36090,36
dogulwang,2026-summer,2026-09-14,00:55:46,6.64,"48,206",,
futsutsuka_na_akujo_dewa_gozaimasu_ga_su,2026-summer,2026-09-14,00:55:46,8.20,"76,892",60828,31
gaikotsu_kishi-sama_tadaima_isekai_e_ode,2026-summer,2026-09-14,00:55:46,6.51,"90,615",80408,34
hell_mode_yarikomizuki_no_gamer_wa_hai_s,2026-summer,2026-09-14,00:55:46,7.21,"51,504",114227,1
heroine_seijo_iie_all_works_maid_desu_ho,2026-summer,2026-09-14,00:55:46,7.04,"37,386",73047,17
katainaka_no_ossan_kensei_ni_naru_ii,2026-summer,2026-09-14,00:55:46,7.17,"74,096",,
kimi_ga_shinu_made_koi_wo_shitai,2026-summer,2026-09-14,00:55:46,7.73,"87,972",57031,54
koko_wa_ore_ni_makasete_saki_ni_ike_to_i,2026-summer,2026-09-14,00:55:46,6.29,"51,979",107425,19
lv999_no_murabito,2026-summer,2026-09-14,00:55:46,6.13,"55,316",21674,
migawari_reijou_wo_sukutta_no_wa_reikoku,2026-summer,2026-09-14,00:55:46,5.57,"7,542",26497,74
mujikaku_seijo_wa_kyou_mo_muishiki_ni_ch,2026-summer,2026-09-14,00:55:46,6.38,"31,060",63783,30
mushoku_tensei_iii_isekai_ittara_honki_d,2026-summer,2026-09-14,00:55:46,8.54,"321,363",150367,12
neko_to_ryuu,2026-summer,2026-09-14,00:55:46,7.82,"42,622",57068,9
oni_no_hanayome,2026-summer,2026-09-14,00:55:46,6.86,"37,211",53640,16
otome_game_sekai_wa_mob_ni_kibishii_seka,2026-summer,2026-09-14,00:55:46,6.74,"107,919",76018,14
rakudai_kenja_no_gakuin_musou_nidome_no_,2026-summer,2026-09-14,00:55:46,6.19,"67,021",100563,3
ryoumin_0-nin_start_no_henkyou_ryoushu-s,2026-summer,2026-09-14,00:55:46,6.76,"45,777",,
saikyou_degarashi_ouji_no_anyaku_teii_ar,2026-summer,2026-09-14,00:55:46,6.30,"35,087",83535,28
sayonara_lara,2026-summer,2026-09-14,00:55:46,7.96,"53,803",21758,103
sekai_saikyou_no_kouei_meikyuukoku_no_sh,2026-summer,2026-09-14,00:55:46,5.60,"37,394",84418,27
suterare_seijo_no_isekai_gohan_tabi_kaku,2026-summer,2026-09-14,00:55:46,6.42,"20,683",78602,22
tsuihou_sareta_tensei_juukishi_wa_game_c,2026-summer,2026-09-14,00:55:46,6.76,"87,339",82879,25
yoroi_shin_den_samurai_troopers_part_2,2026-summer,2026-09-14,00:55:46,6.30,"3,043",14261,
youjosenki2,2026-summer,2026-09-14,00:55:46,8.25,"263,013",114883,8
buchigire_reijou_wa_houfuku_wo_chikaimas,2026-summer,2026-09-15,02:57:14,6.74,"38,851",,
clevatess_ii_majuu_no_ou_to_itsuwari_no_,2026-summer,2026-09-15,02:57:14,7.72,"86,093",,
dogulwang,2026-summer,2026-09-15,02:57:14,6.64,"48,494",,
futsutsuka_na_akujo_dewa_gozaimasu_ga_su,2026-summer,2026-09-15,02:57:14,8.21,"77,824",,
gaikotsu_kishi-sama_tadaima_isekai_e_ode,2026-summer,2026-09-15,02:57:14,6.50,"90,829",,
hell_mode_yarikomizuki_no_gamer_wa_hai_s,2026-summer,2026-09-15,02:57:14,7.22,"51,724",,
heroine_seijo_iie_all_works_maid_desu_ho,2026-summer,2026-09-15,02:57:14,7.04,"37,748",,
katainaka_no_ossan_kensei_ni_naru_ii,2026-summer,2026-09-15,02:57:14,7.17,"74,303",,
kimi_ga_shinu_made_koi_wo_shitai,2026-summer,2026-09-15,02:57:14,7.73,"88,171",,
koko_wa_ore_ni_makasete_saki_ni_ike_to_i,2026-summer,2026-09-15,02:57:14,6.29,"52,211",,
lv999_no_murabito,2026-summer,2026-09-15,02:57:14,6.13,"55,871",,
migawari_reijou_wo_sukutta_no_wa_reikoku,2026-summer,2026-09-15,02:57:14,5.56,"7,572",,
mujikaku_seijo_wa_kyou_mo_muishiki_ni_ch,2026-summer,2026-09-15,02:57:14,6.38,"31,209",,
mushoku_tensei_iii_isekai_ittara_honki_d,2026-summer,2026-09-15,02:57:14,8.58,"322,769",,
neko_to_ryuu,2026-summer,2026-09-15,02:57:14,7.83,"43,337",,
oni_no_hanayome,2026-summer,2026-09-15,02:57:14,6.86,"37,519",,
otome_game_sekai_wa_mob_ni_kibishii_seka,2026-summer,2026-09-15,02:57:14,6.74,"108,170",,
rakudai_kenja_no_gakuin_musou_nidome_no_,2026-summer,2026-09-15,02:57:14,6.20,"67,987",,
ryoumin_0-nin_start_no_henkyou_ryoushu-s,2026-summer,2026-09-15,02:57:14,6.76,"46,029",,
saikyou_degarashi_ouji_no_anyaku_teii_ar,2026-summer,2026-09-15,02:57:14,6.31,"35,260",,
sayonara_lara,2026-summer,2026-09-15,02:57:14,7.98,"54,238",,
sekai_saikyou_no_kouei_meikyuukoku_no_sh,2026-summer,2026-09-15,02:57:14,5.59,"37,635",,
suterare_seijo_no_isekai_gohan_tabi_kaku,2026-summer,2026-09-15,02:57:14,6.42,"20,767",,
tsuihou_sareta_tensei_juukishi_wa_game_c,2026-summer,2026-09-15,02:57:14,6.76,"87,764",,
yoroi_shin_den_samurai_troopers_part_2,2026-summer,2026-09-15,02:57:14,6.29,"3,050",,
youjosenki2,2026-summer,2026-09-15,02:57:14,8.25,"263,393",,
buchigire_reijou_wa_houfuku_wo_chikaimas,2026-summer,2026-09-16,01:38:50,6.74,"39,059",89024,31
clevatess_ii_majuu_no_ou_to_itsuwari_no_,2026-summer,2026-09-16,01:38:50,7.72,"86,267",36185,58
dogulwang,2026-summer,2026-09-16,01:38:50,6.63,"48,690",,
futsutsuka_na_akujo_dewa_gozaimasu_ga_su,2026-summer,2026-09-16,01:38:50,8.21,"78,394",61841,3
gaikotsu_kishi-sama_tadaima_isekai_e_ode,2026-summer,2026-09-16,01:38:50,6.49,"91,052",80624,15
hell_mode_yarikomizuki_no_gamer_wa_hai_s,2026-summer,2026-09-16,01:38:50,7.22,"51,867",114479,11
heroine_seijo_iie_all_works_maid_desu_ho,2026-summer,2026-09-16,01:38:50,7.04,"38,013",72877,30
katainaka_no_ossan_kensei_ni_naru_ii,2026-summer,2026-09-16,01:38:50,7.17,"74,468",,
kimi_ga_shinu_made_koi_wo_shitai,2026-summer,2026-09-16,01:38:50,7.73,"88,353",57428,63
koko_wa_ore_ni_makasete_saki_ni_ike_to_i,2026-summer,2026-09-16,01:38:50,6.29,"52,388",107762,7
lv999_no_murabito,2026-summer,2026-09-16,01:38:50,6.13,"56,256",21781,
migawari_reijou_wo_sukutta_no_wa_reikoku,2026-summer,2026-09-16,01:38:50,5.55,"7,596",26653,73
mujikaku_seijo_wa_kyou_mo_muishiki_ni_ch,2026-summer,2026-09-16,01:38:50,6.40,"31,545",63596,46
mushoku_tensei_iii_isekai_ittara_honki_d,2026-summer,2026-09-16,01:38:50,8.58,"323,494",151111,1
neko_to_ryuu,2026-summer,2026-09-16,01:38:50,7.83,"43,709",56989,23
oni_no_hanayome,2026-summer,2026-09-16,01:38:50,6.86,"37,728",54160,13
otome_game_sekai_wa_mob_ni_kibishii_seka,2026-summer,2026-09-16,01:38:50,6.74,"108,324",76219,33
rakudai_kenja_no_gakuin_musou_nidome_no_,2026-summer,2026-09-16,01:38:50,6.20,"68,623",100175,17
ryoumin_0-nin_start_no_henkyou_ryoushu-s,2026-summer,2026-09-16,01:38:50,6.75,"46,177",,
saikyou_degarashi_ouji_no_anyaku_teii_ar,2026-summer,2026-09-16,01:38:50,6.31,"35,439",83972,6
sayonara_lara,2026-summer,2026-09-16,01:38:50,7.99,"54,506",21985,26
sekai_saikyou_no_kouei_meikyuukoku_no_sh,2026-summer,2026-09-16,01:38:50,5.59,"37,782",84799,4
suterare_seijo_no_isekai_gohan_tabi_kaku,2026-summer,2026-09-16,01:38:50,6.42,"20,866",78994,32
tsuihou_sareta_tensei_juukishi_wa_game_c,2026-summer,2026-09-16,01:38:50,6.76,"88,032",83548,2
yoroi_shin_den_samurai_troopers_part_2,2026-summer,2026-09-16,01:38:50,6.29,"3,051",14283,
youjosenki2,2026-summer,2026-09-16,01:38:50,8.25,"263,644",115130,24
buchigire_reijou_wa_houfuku_wo_chikaimas,2026-summer,2026-09-17,01:31:57,6.74,"39,283",89279,1
clevatess_ii_majuu_no_ou_to_itsuwari_no_,2026-summer,2026-09-17,01:31:57,7.72,"86,503",36381,60
dogulwang,2026-summer,2026-09-17,01:31:57,6.63,"48,895",,
futsutsuka_na_akujo_dewa_gozaimasu_ga_su,2026-summer,2026-09-17,01:31:57,8.22,"78,988",62273,14
gaikotsu_kishi-sama_tadaima_isekai_e_ode,2026-summer,2026-09-17,01:31:57,6.48,"91,257",80732,5
hell_mode_yarikomizuki_no_gamer_wa_hai_s,2026-summer,2026-09-17,01:31:57,7.22,"52,031",114556,21
heroine_seijo_iie_all_works_maid_desu_ho,2026-summer,2026-09-17,01:31:57,7.03,"38,288",72727,39
katainaka_no_ossan_kensei_ni_naru_ii,2026-summer,2026-09-17,01:31:57,7.17,"74,649",,
kimi_ga_shinu_made_koi_wo_shitai,2026-summer,2026-09-17,01:31:57,7.73,"88,581",57829,36
koko_wa_ore_ni_makasete_saki_ni_ike_to_i,2026-summer,2026-09-17,01:31:57,6.28,"52,590",107930,3
lv999_no_murabito,2026-summer,2026-09-17,01:31:57,6.13,"56,675",21873,
migawari_reijou_wo_sukutta_no_wa_reikoku,2026-summer,2026-09-17,01:31:57,5.55,"7,621",26742,23
mujikaku_seijo_wa_kyou_mo_muishiki_ni_ch,2026-summer,2026-09-17,01:31:57,6.32,"33,065",62544,8
mushoku_tensei_iii_isekai_ittara_honki_d,2026-summer,2026-09-17,01:31:57,8.58,"324,288",151343,6
neko_to_ryuu,2026-summer,2026-09-17,01:31:57,7.84,"44,093",56937,37
oni_no_hanayome,2026-summer,2026-09-17,01:31:57,6.86,"37,934",54376,29
otome_game_sekai_wa_mob_ni_kibishii_seka,2026-summer,2026-09-17,01:31:57,6.74,"108,520",76326,46
rakudai_kenja_no_gakuin_musou_nidome_no_,2026-summer,2026-09-17,01:31:57,6.20,"69,282",100027,27
ryoumin_0-nin_start_no_henkyou_ryoushu-s,2026-summer,2026-09-17,01:31:57,6.75,"46,358",,
saikyou_degarashi_ouji_no_anyaku_teii_ar,2026-summer,2026-09-17,01:31:57,6.31,"35,619",84147,4
sayonara_lara,2026-summer,2026-09-17,01:31:57,8.00,"54,821",22073,55
sekai_saikyou_no_kouei_meikyuukoku_no_sh,2026-summer,2026-09-17,01:31:57,5.59,"37,937",84975,17
suterare_seijo_no_isekai_gohan_tabi_kaku,2026-summer,2026-09-17,01:31:57,6.42,"20,995",79198,2
tsuihou_sareta_tensei_juukishi_wa_game_c,2026-summer,2026-09-17,01:31:57,6.76,"88,401",83809,13
yoroi_shin_den_samurai_troopers_part_2,2026-summer,2026-09-17,01:31:57,6.27,"3,063",14306,79
youjosenki2,2026-summer,2026-09-17,01:31:57,8.25,"263,924",115276,32
buchigire_reijou_wa_houfuku_wo_chikaimas,2026-summer,2026-09-18,01:37:31,6.74,"39,452",89458,3
clevatess_ii_majuu_no_ou_to_itsuwari_no_,2026-summer,2026-09-18,01:37:31,7.72,"86,806",36578,14
dogulwang,2026-summer,2026-09-18,01:37:31,6.63,"49,239",,
futsutsuka_na_akujo_dewa_gozaimasu_ga_su,2026-summer,2026-09-18,01:37:31,8.22,"79,524",62524,21
gaikotsu_kishi-sama_tadaima_isekai_e_ode,2026-summer,2026-09-18,01:37:31,6.48,"91,423",80795,12
hell_mode_yarikomizuki_no_gamer_wa_hai_s,2026-summer,2026-09-18,01:37:31,7.22,"52,205",114622,29
heroine_seijo_iie_all_works_maid_desu_ho,2026-summer,2026-09-18,01:37:31,7.03,"38,532",72609,36
katainaka_no_ossan_kensei_ni_naru_ii,2026-summer,2026-09-18,01:37:31,7.17,"74,885",,
kimi_ga_shinu_made_koi_wo_shitai,2026-summer,2026-09-18,01:37:31,7.73,"88,776",57987,16
koko_wa_ore_ni_makasete_saki_ni_ike_to_i,2026-summer,2026-09-18,01:37:31,6.28,"52,772",108075,5
lv999_no_murabito,2026-summer,2026-09-18,01:37:31,6.13,"57,055",21973,
migawari_reijou_wo_sukutta_no_wa_reikoku,2026-summer,2026-09-18,01:37:31,5.55,"7,645",26776,20
mujikaku_seijo_wa_kyou_mo_muishiki_ni_ch,2026-summer,2026-09-18,01:37:31,6.31,"33,605",62169,2
mushoku_tensei_iii_isekai_ittara_honki_d,2026-summer,2026-09-18,01:37:31,8.59,"324,924",151560,6
neko_to_ryuu,2026-summer,2026-09-18,01:37:31,7.84,"44,399",56930,41
oni_no_hanayome,2026-summer,2026-09-18,01:37:31,6.87,"38,099",54522,35
otome_game_sekai_wa_mob_ni_kibishii_seka,2026-summer,2026-09-18,01:37:31,6.74,"108,783",76491,15
rakudai_kenja_no_gakuin_musou_nidome_no_,2026-summer,2026-09-18,01:37:31,6.20,"69,849",99823,30
ryoumin_0-nin_start_no_henkyou_ryoushu-s,2026-summer,2026-09-18,01:37:31,6.75,"46,518",,
saikyou_degarashi_ouji_no_anyaku_teii_ar,2026-summer,2026-09-18,01:37:31,6.32,"35,772",84250,10
sayonara_lara,2026-summer,2026-09-18,01:37:31,8.00,"55,065",22139,65
sekai_saikyou_no_kouei_meikyuukoku_no_sh,2026-summer,2026-09-18,01:37:31,5.59,"38,090",85051,22
suterare_seijo_no_isekai_gohan_tabi_kaku,2026-summer,2026-09-18,01:37:31,6.42,"21,101",79326,7
tsuihou_sareta_tensei_juukishi_wa_game_c,2026-summer,2026-09-18,01:37:31,6.76,"88,721",83968,18
yoroi_shin_den_samurai_troopers_part_2,2026-summer,2026-09-18,01:37:31,6.27,"3,069",14312,50
youjosenki2,2026-summer,2026-09-18,01:37:31,8.25,"264,214",115456,4
buchigire_reijou_wa_houfuku_wo_chikaimas,2026-summer,2026-09-19,01:08:49,6.74,"39,640",89627,10
clevatess_ii_majuu_no_ou_to_itsuwari_no_,2026-summer,2026-09-19,01:08:49,7.72,"87,058",36668,5
dogulwang,2026-summer,2026-09-19,01:08:49,6.62,"49,552",,
futsutsuka_na_akujo_dewa_gozaimasu_ga_su,2026-summer,2026-09-19,01:08:49,8.22,"79,953",62702,21
gaikotsu_kishi-sama_tadaima_isekai_e_ode,2026-summer,2026-09-19,01:08:49,6.48,"91,548",80832,19
hell_mode_yarikomizuki_no_gamer_wa_hai_s,2026-summer,2026-09-19,01:08:49,7.22,"52,372",114664,25
heroine_seijo_iie_all_works_maid_desu_ho,2026-summer,2026-09-19,01:08:49,7.03,"38,744",72476,37
katainaka_no_ossan_kensei_ni_naru_ii,2026-summer,2026-09-19,01:08:49,7.17,"75,109",,
kimi_ga_shinu_made_koi_wo_shitai,2026-summer,2026-09-19,01:08:49,7.72,"88,916",58135,30
koko_wa_ore_ni_makasete_saki_ni_ike_to_i,2026-summer,2026-09-19,01:08:49,6.24,"53,108",108166,12
lv999_no_murabito,2026-summer,2026-09-19,01:08:49,6.14,"57,390",22001,
migawari_reijou_wo_sukutta_no_wa_reikoku,2026-summer,2026-09-19,01:08:49,5.56,"7,660",26794,44
mujikaku_seijo_wa_kyou_mo_muishiki_ni_ch,2026-summer,2026-09-19,01:08:49,6.30,"33,975",61913,7
mushoku_tensei_iii_isekai_ittara_honki_d,2026-summer,2026-09-19,01:08:49,8.59,"325,504",151762,11
neko_to_ryuu,2026-summer,2026-09-19,01:08:49,7.84,"44,613",56912,40
oni_no_hanayome,2026-summer,2026-09-19,01:08:49,6.87,"38,261",54658,36
otome_game_sekai_wa_mob_ni_kibishii_seka,2026-summer,2026-09-19,01:08:49,6.74,"108,993",76623,2
rakudai_kenja_no_gakuin_musou_nidome_no_,2026-summer,2026-09-19,01:08:49,6.20,"70,397",99616,23
ryoumin_0-nin_start_no_henkyou_ryoushu-s,2026-summer,2026-09-19,01:08:49,6.83,"47,006",,
saikyou_degarashi_ouji_no_anyaku_teii_ar,2026-summer,2026-09-19,01:08:49,6.32,"35,900",84346,17
sayonara_lara,2026-summer,2026-09-19,01:08:49,8.00,"55,271",22194,81
sekai_saikyou_no_kouei_meikyuukoku_no_sh,2026-summer,2026-09-19,01:08:49,5.59,"38,227",85136,22
suterare_seijo_no_isekai_gohan_tabi_kaku,2026-summer,2026-09-19,01:08:49,6.42,"21,194",79443,15
tsuihou_sareta_tensei_juukishi_wa_game_c,2026-summer,2026-09-19,01:08:49,6.78,"89,723",84131,20
yoroi_shin_den_samurai_troopers_part_2,2026-summer,2026-09-19,01:08:49,6.26,"3,078",14316,121
youjosenki2,2026-summer,2026-09-19,01:08:49,8.24,"264,454",115648,3
buchigire_reijou_wa_houfuku_wo_chikaimas,2026-summer,2026-09-20,00:41:07,6.74,"39,831",89785,13
clevatess_ii_majuu_no_ou_to_itsuwari_no_,2026-summer,2026-09-20,00:41:07,7.72,"87,315",36762,17
dogulwang,2026-summer,2026-09-20,00:41:07,6.62,"49,852",,
futsutsuka_na_akujo_dewa_gozaimasu_ga_su,2026-summer,2026-09-20,00:41:07,8.22,"80,424",63053,26
gaikotsu_kishi-sama_tadaima_isekai_e_ode,2026-summer,2026-09-20,00:41:07,6.47,"91,730",80913,24
hell_mode_yarikomizuki_no_gamer_wa_hai_s,2026-summer,2026-09-20,00:41:07,7.20,"52,875",114817,8
heroine_seijo_iie_all_works_maid_desu_ho,2026-summer,2026-09-20,00:41:07,7.03,"38,969",72358,38
katainaka_no_ossan_kensei_ni_naru_ii,2026-summer,2026-09-20,00:41:07,7.16,"75,333",,
kimi_ga_shinu_made_koi_wo_shitai,2026-summer,2026-09-20,00:41:07,7.72,"89,063",58275,46
koko_wa_ore_ni_makasete_saki_ni_ike_to_i,2026-summer,2026-09-20,00:41:07,6.21,"55,191",108273,12
lv999_no_murabito,2026-summer,2026-09-20,00:41:07,6.13,"57,739",22014,
migawari_reijou_wo_sukutta_no_wa_reikoku,2026-summer,2026-09-20,00:41:07,5.56,"7,683",26843,54
mujikaku_seijo_wa_kyou_mo_muishiki_ni_ch,2026-summer,2026-09-20,00:41:07,6.30,"34,314",61729,14
mushoku_tensei_iii_isekai_ittara_honki_d,2026-summer,2026-09-20,00:41:07,8.59,"326,079",151978,11
neko_to_ryuu,2026-summer,2026-09-20,00:41:07,7.84,"44,882",56907,37
oni_no_hanayome,2026-summer,2026-09-20,00:41:07,6.96,"38,416",54831,40
otome_game_sekai_wa_mob_ni_kibishii_seka,2026-summer,2026-09-20,00:41:07,6.74,"109,222",76788,6
rakudai_kenja_no_gakuin_musou_nidome_no_,2026-summer,2026-09-20,00:41:07,6.20,"70,958",99386,27
ryoumin_0-nin_start_no_henkyou_ryoushu-s,2026-summer,2026-09-20,00:41:07,6.85,"49,622",,
saikyou_degarashi_ouji_no_anyaku_teii_ar,2026-summer,2026-09-20,00:41:07,6.32,"36,058",84453,20
sayonara_lara,2026-summer,2026-09-20,00:41:07,8.01,"55,520",22264,104
sekai_saikyou_no_kouei_meikyuukoku_no_sh,2026-summer,2026-09-20,00:41:07,5.58,"38,383",85230,25
suterare_seijo_no_isekai_gohan_tabi_kaku,2026-summer,2026-09-20,00:41:07,6.42,"21,288",79543,15
tsuihou_sareta_tensei_juukishi_wa_game_c,2026-summer,2026-09-20,00:41:07,6.79,"90,359",84294,21
yoroi_shin_den_samurai_troopers_part_2,2026-summer,2026-09-20,00:41:07,6.26,"3,082",14324,199
youjosenki2,2026-summer,2026-09-20,00:41:07,8.24,"264,724",115912,5
buchigire_reijou_wa_houfuku_wo_chikaimas,2026-summer,2026-09-21,00:46:18,6.73,"40,052",89918,18
clevatess_ii_majuu_no_ou_to_itsuwari_no_,2026-summer,2026-09-21,00:46:18,7.72,"87,626",36820,33
dogulwang,2026-summer,2026-09-21,00:46:18,6.61,"50,180",,
futsutsuka_na_akujo_dewa_gozaimasu_ga_su,2026-summer,2026-09-21,00:46:18,8.27,"81,241",63417,27
gaikotsu_kishi-sama_tadaima_isekai_e_ode,2026-summer,2026-09-21,00:46:18,6.46,"91,941",80988,29
hell_mode_yarikomizuki_no_gamer_wa_hai_s,2026-summer,2026-09-21,00:46:18,7.20,"53,249",114989,1
heroine_seijo_iie_all_works_maid_desu_ho,2026-summer,2026-09-21,00:46:18,7.02,"39,219",72164,45
katainaka_no_ossan_kensei_ni_naru_ii,2026-summer,2026-09-21,00:46:18,7.16,"75,597",,
kimi_ga_shinu_made_koi_wo_shitai,2026-summer,2026-09-21,00:46:18,7.72,"89,262",58439,53
koko_wa_ore_ni_makasete_saki_ni_ike_to_i,2026-summer,2026-09-21,00:46:18,6.21,"56,339",108406,16
lv999_no_murabito,2026-summer,2026-09-21,00:46:18,6.13,"58,138",22044,
migawari_reijou_wo_sukutta_no_wa_reikoku,2026-summer,2026-09-21,00:46:18,5.56,"7,701",26878,66
mujikaku_seijo_wa_kyou_mo_muishiki_ni_ch,2026-summer,2026-09-21,00:46:18,6.30,"34,650",61472,20
mushoku_tensei_iii_isekai_ittara_honki_d,2026-summer,2026-09-21,00:46:18,8.59,"326,831",152264,11
neko_to_ryuu,2026-summer,2026-09-21,00:46:18,7.84,"45,282",56839,41
oni_no_hanayome,2026-summer,2026-09-21,00:46:18,6.86,"39,957",54014,12
otome_game_sekai_wa_mob_ni_kibishii_seka,2026-summer,2026-09-21,00:46:18,6.74,"109,480",76864,14
rakudai_kenja_no_gakuin_musou_nidome_no_,2026-summer,2026-09-21,00:46:18,6.20,"71,529",99120,34
ryoumin_0-nin_start_no_henkyou_ryoushu-s,2026-summer,2026-09-21,00:46:18,6.85,"50,928",,
saikyou_degarashi_ouji_no_anyaku_teii_ar,2026-summer,2026-09-21,00:46:18,6.32,"36,258",84505,22
sayonara_lara,2026-summer,2026-09-21,00:46:18,8.08,"55,797",22355,98
sekai_saikyou_no_kouei_meikyuukoku_no_sh,2026-summer,2026-09-21,00:46:18,5.67,"38,801",84938,25
suterare_seijo_no_isekai_gohan_tabi_kaku,2026-summer,2026-09-21,00:46:18,6.42,"21,395",79668,19
tsuihou_sareta_tensei_juukishi_wa_game_c,2026-summer,2026-09-21,00:46:18,6.79,"90,963",84443,21
yoroi_shin_den_samurai_troopers_part_2,2026-summer,2026-09-21,00:46:18,6.26,"3,092",14324,
youjosenki2,2026-summer,2026-09-21,00:46:18,8.24,"265,006",116098,7
buchigire_reijou_wa_houfuku_wo_chikaimas,2026-summer,2026-09-22,03:04:37,6.78,"40,904",90111,23
clevatess_ii_majuu_no_ou_to_itsuwari_no_,2026-summer,2026-09-22,03:04:37,7.72,"87,975",36860,45
dogulwang,2026-summer,2026-09-22,03:04:37,6.62,"50,508",,
futsutsuka_na_akujo_dewa_gozaimasu_ga_su,2026-summer,2026-09-22,03:04:37,8.27,"84,896",63151,11
gaikotsu_kishi-sama_tadaima_isekai_e_ode,2026-summer,2026-09-22,03:04:37,6.45,"92,587",80805,33
hell_mode_yarikomizuki_no_gamer_wa_hai_s,2026-summer,2026-09-22,03:04:37,7.20,"53,576",115168,7
heroine_seijo_iie_all_works_maid_desu_ho,2026-summer,2026-09-22,03:04:37,7.02,"39,523",71970,46
katainaka_no_ossan_kensei_ni_naru_ii,2026-summer,2026-09-22,03:04:37,7.16,"75,886",,
kimi_ga_shinu_made_koi_wo_shitai,2026-summer,2026-09-22,03:04:37,7.71,"89,523",58605,57
koko_wa_ore_ni_makasete_saki_ni_ike_to_i,2026-summer,2026-09-22,03:04:37,6.20,"57,230",107892,21
lv999_no_murabito,2026-summer,2026-09-22,03:04:37,6.13,"58,553",22114,
migawari_reijou_wo_sukutta_no_wa_reikoku,2026-summer,2026-09-22,03:04:37,5.55,"7,728",26910,62
mujikaku_seijo_wa_kyou_mo_muishiki_ni_ch,2026-summer,2026-09-22,03:04:37,6.30,"34,992",61209,29
mushoku_tensei_iii_isekai_ittara_honki_d,2026-summer,2026-09-22,03:04:37,8.63,"328,857",152942,2
neko_to_ryuu,2026-summer,2026-09-22,03:04:37,7.84,"45,635",56723,47
oni_no_hanayome,2026-summer,2026-09-22,03:04:37,6.84,"40,878",53782,4
otome_game_sekai_wa_mob_ni_kibishii_seka,2026-summer,2026-09-22,03:04:37,6.74,"109,798",76948,25
rakudai_kenja_no_gakuin_musou_nidome_no_,2026-summer,2026-09-22,03:04:37,6.20,"72,167",98823,35
ryoumin_0-nin_start_no_henkyou_ryoushu-s,2026-summer,2026-09-22,03:04:37,6.85,"51,919",,
saikyou_degarashi_ouji_no_anyaku_teii_ar,2026-summer,2026-09-22,03:04:37,6.51,"37,001",84007,30
sayonara_lara,2026-summer,2026-09-22,03:04:37,7.84,"57,340",22472,48
sekai_saikyou_no_kouei_meikyuukoku_no_sh,2026-summer,2026-09-22,03:04:37,5.72,"40,548",83464,6
suterare_seijo_no_isekai_gohan_tabi_kaku,2026-summer,2026-09-22,03:04:37,6.47,"21,652",79727,26
tsuihou_sareta_tensei_juukishi_wa_game_c,2026-summer,2026-09-22,03:04:37,6.80,"91,553",85152,10
yoroi_shin_den_samurai_troopers_part_2,2026-summer,2026-09-22,03:04:37,6.28,"3,108",14327,
youjosenki2,2026-summer,2026-09-22,03:04:37,8.23,"265,369",116311,18
buchigire_reijou_wa_houfuku_wo_chikaimas,2026-summer,2026-09-23,01:39:16,6.86,"42,973",88299,23
clevatess_ii_majuu_no_ou_to_itsuwari_no_,2026-summer,2026-09-23,01:39:16,7.72,"88,229",36891,54
dogulwang,2026-summer,2026-09-23,01:39:16,6.61,"50,761",,
futsutsuka_na_akujo_dewa_gozaimasu_ga_su,2026-summer,2026-09-23,01:39:16,8.26,"86,356",63322,3
gaikotsu_kishi-sama_tadaima_isekai_e_ode,2026-summer,2026-09-23,01:39:16,6.48,"94,005",79444,11
hell_mode_yarikomizuki_no_gamer_wa_hai_s,2026-summer,2026-09-23,01:39:16,7.19,"53,838",115266,10
heroine_seijo_iie_all_works_maid_desu_ho,2026-summer,2026-09-23,01:39:16,7.01,"39,743",71780,50
katainaka_no_ossan_kensei_ni_naru_ii,2026-summer,2026-09-23,01:39:16,7.16,"76,104",,
kimi_ga_shinu_made_koi_wo_shitai,2026-summer,2026-09-23,01:39:16,7.70,"89,742",58868,61
koko_wa_ore_ni_makasete_saki_ni_ike_to_i,2026-summer,2026-09-23,01:39:16,6.20,"57,799",106222,7
lv999_no_murabito,2026-summer,2026-09-23,01:39:16,6.12,"58,873",22155,
migawari_reijou_wo_sukutta_no_wa_reikoku,2026-summer,2026-09-23,01:39:16,5.54,"7,755",26687,67
mujikaku_seijo_wa_kyou_mo_muishiki_ni_ch,2026-summer,2026-09-23,01:39:16,6.29,"35,223",61036,36
mushoku_tensei_iii_isekai_ittara_honki_d,2026-summer,2026-09-23,01:39:16,8.65,"330,019",153380,1
neko_to_ryuu,2026-summer,2026-09-23,01:39:16,7.84,"45,949",56676,55
oni_no_hanayome,2026-summer,2026-09-23,01:39:16,6.83,"41,284",53748,15
otome_game_sekai_wa_mob_ni_kibishii_seka,2026-summer,2026-09-23,01:39:16,6.73,"110,050",77031,29
rakudai_kenja_no_gakuin_musou_nidome_no_,2026-summer,2026-09-23,01:39:16,6.20,"72,672",98533,38
ryoumin_0-nin_start_no_henkyou_ryoushu-s,2026-summer,2026-09-23,01:39:16,6.85,"52,500",,
saikyou_degarashi_ouji_no_anyaku_teii_ar,2026-summer,2026-09-23,01:39:16,6.56,"38,803",82820,6
sayonara_lara,2026-summer,2026-09-23,01:39:16,7.79,"57,934",22471,24
sekai_saikyou_no_kouei_meikyuukoku_no_sh,2026-summer,2026-09-23,01:39:16,5.73,"41,226",82910,4
suterare_seijo_no_isekai_gohan_tabi_kaku,2026-summer,2026-09-23,01:39:16,6.42,"22,220",78068,26
tsuihou_sareta_tensei_juukishi_wa_game_c,2026-summer,2026-09-23,01:39:16,6.80,"92,029",85425,2
yoroi_shin_den_samurai_troopers_part_2,2026-summer,2026-09-23,01:39:16,6.33,"3,115",14299,
youjosenki2,2026-summer,2026-09-23,01:39:16,8.23,"265,636",116464,21
buchigire_reijou_wa_houfuku_wo_chikaimas,2026-summer,2026-09-24,01:31:02,6.86,"44,036",87507,1
clevatess_ii_majuu_no_ou_to_itsuwari_no_,2026-summer,2026-09-24,01:31:02,7.73,"88,523",36962,58
dogulwang,2026-summer,2026-09-24,01:31:02,6.61,"50,989",,
futsutsuka_na_akujo_dewa_gozaimasu_ga_su,2026-summer,2026-09-24,01:31:02,8.25,"87,570",63485,12
gaikotsu_kishi-sama_tadaima_isekai_e_ode,2026-summer,2026-09-24,01:31:02,6.48,"94,876",78743,5
hell_mode_yarikomizuki_no_gamer_wa_hai_s,2026-summer,2026-09-24,01:31:02,7.19,"54,089",115347,19
heroine_seijo_iie_all_works_maid_desu_ho,2026-summer,2026-09-24,01:31:02,7.01,"39,953",71589,52
katainaka_no_ossan_kensei_ni_naru_ii,2026-summer,2026-09-24,01:31:02,7.17,"76,360",,
kimi_ga_shinu_made_koi_wo_shitai,2026-summer,2026-09-24,01:31:02,7.69,"90,120",59348,32
koko_wa_ore_ni_makasete_saki_ni_ike_to_i,2026-summer,2026-09-24,01:31:02,6.19,"58,250",105166,3
lv999_no_murabito,2026-summer,2026-09-24,01:31:02,6.12,"59,191",22195,
migawari_reijou_wo_sukutta_no_wa_reikoku,2026-summer,2026-09-24,01:31:02,5.90,"7,807",26050,20
mujikaku_seijo_wa_kyou_mo_muishiki_ni_ch,2026-summer,2026-09-24,01:31:02,6.29,"35,441",60800,41
mushoku_tensei_iii_isekai_ittara_honki_d,2026-summer,2026-09-24,01:31:02,8.65,"331,117",153813,6
neko_to_ryuu,2026-summer,2026-09-24,01:31:02,7.84,"46,174",56562,60
oni_no_hanayome,2026-summer,2026-09-24,01:31:02,6.83,"41,653",53676,25
otome_game_sekai_wa_mob_ni_kibishii_seka,2026-summer,2026-09-24,01:31:02,6.86,"110,331",77007,40
rakudai_kenja_no_gakuin_musou_nidome_no_,2026-summer,2026-09-24,01:31:02,6.20,"73,146",98209,44
ryoumin_0-nin_start_no_henkyou_ryoushu-s,2026-summer,2026-09-24,01:31:02,6.85,"52,993",,
saikyou_degarashi_ouji_no_anyaku_teii_ar,2026-summer,2026-09-24,01:31:02,6.57,"39,611",82123,4
sayonara_lara,2026-summer,2026-09-24,01:31:02,7.76,"58,355",22504,51
sekai_saikyou_no_kouei_meikyuukoku_no_sh,2026-summer,2026-09-24,01:31:02,5.74,"41,674",82457,13
suterare_seijo_no_isekai_gohan_tabi_kaku,2026-summer,2026-09-24,01:31:02,6.42,"22,561",77218,2
tsuihou_sareta_tensei_juukishi_wa_game_c,2026-summer,2026-09-24,01:31:02,6.80,"92,462",85751,10
yoroi_shin_den_samurai_troopers_part_2,2026-summer,2026-09-24,01:31:02,6.33,"3,193",14247,72
youjosenki2,2026-summer,2026-09-24,01:31:02,8.21,"266,182",116319,26
buchigire_reijou_wa_houfuku_wo_chikaimas,2026-summer,2026-09-25,01:51:19,6.87,"44,664",87110,2
clevatess_ii_majuu_no_ou_to_itsuwari_no_,2026-summer,2026-09-25,01:51:19,7.73,"89,006",37100,12
dogulwang,2026-summer,2026-09-25,01:51:19,6.63,"51,535",,
futsutsuka_na_akujo_dewa_gozaimasu_ga_su,2026-summer,2026-09-25,01:51:19,8.25,"88,529",63635,18
gaikotsu_kishi-sama_tadaima_isekai_e_ode,2026-summer,2026-09-25,01:51:19,6.48,"95,500",78398,9
hell_mode_yarikomizuki_no_gamer_wa_hai_s,2026-summer,2026-09-25,01:51:19,7.19,"54,331",115440,22
heroine_seijo_iie_all_works_maid_desu_ho,2026-summer,2026-09-25,01:51:19,7.01,"40,184",71483,51
katainaka_no_ossan_kensei_ni_naru_ii,2026-summer,2026-09-25,01:51:19,7.21,"78,618",,
kimi_ga_shinu_made_koi_wo_shitai,2026-summer,2026-09-25,01:51:19,7.69,"90,380",59517,14
koko_wa_ore_ni_makasete_saki_ni_ike_to_i,2026-summer,2026-09-25,01:51:19,6.19,"58,694",104706,5
lv999_no_murabito,2026-summer,2026-09-25,01:51:19,6.12,"59,479",22247,
migawari_reijou_wo_sukutta_no_wa_reikoku,2026-summer,2026-09-25,01:51:19,5.95,"7,870",25863,19
mujikaku_seijo_wa_kyou_mo_muishiki_ni_ch,2026-summer,2026-09-25,01:51:19,6.29,"35,666",60669,44
mushoku_tensei_iii_isekai_ittara_honki_d,2026-summer,2026-09-25,01:51:19,8.65,"332,086",154100,3
neko_to_ryuu,2026-summer,2026-09-25,01:51:19,7.84,"46,423",56500,63
oni_no_hanayome,2026-summer,2026-09-25,01:51:19,6.83,"41,989",53644,34
otome_game_sekai_wa_mob_ni_kibishii_seka,2026-summer,2026-09-25,01:51:19,6.88,"112,825",75525,11
rakudai_kenja_no_gakuin_musou_nidome_no_,2026-summer,2026-09-25,01:51:19,6.19,"73,610",98021,42
ryoumin_0-nin_start_no_henkyou_ryoushu-s,2026-summer,2026-09-25,01:51:19,6.84,"53,421",,
saikyou_degarashi_ouji_no_anyaku_teii_ar,2026-summer,2026-09-25,01:51:19,6.57,"40,169",81765,7
sayonara_lara,2026-summer,2026-09-25,01:51:19,7.75,"58,665",22522,64
sekai_saikyou_no_kouei_meikyuukoku_no_sh,2026-summer,2026-09-25,01:51:19,5.75,"42,072",82165,16
suterare_seijo_no_isekai_gohan_tabi_kaku,2026-summer,2026-09-25,01:51:19,6.43,"22,815",76851,6
tsuihou_sareta_tensei_juukishi_wa_game_c,2026-summer,2026-09-25,01:51:19,6.80,"92,942",86003,13
yoroi_shin_den_samurai_troopers_part_2,2026-summer,2026-09-25,01:51:19,6.32,"3,213",14215,48
youjosenki2,2026-summer,2026-09-25,01:51:19,8.18,"268,153",115435,4
buchigire_reijou_wa_houfuku_wo_chikaimas,2026-summer,2026-09-26,01:55:37,6.87,"45,146",86791,8
clevatess_ii_majuu_no_ou_to_itsuwari_no_,2026-summer,2026-09-26,01:55:37,7.74,"89,399",37169,5
dogulwang,2026-summer,2026-09-26,01:55:37,6.63,"51,959",,
futsutsuka_na_akujo_dewa_gozaimasu_ga_su,2026-summer,2026-09-26,01:55:37,8.25,"89,456",63900,19
gaikotsu_kishi-sama_tadaima_isekai_e_ode,2026-summer,2026-09-26,01:55:37,6.48,"95,973",78122,15
hell_mode_yarikomizuki_no_gamer_wa_hai_s,2026-summer,2026-09-26,01:55:37,7.17,"54,575",115425,21
heroine_seijo_iie_all_works_maid_desu_ho,2026-summer,2026-09-26,01:55:37,7.01,"40,372",71335,57
katainaka_no_ossan_kensei_ni_naru_ii,2026-summer,2026-09-26,01:55:37,7.22,"79,660",,
kimi_ga_shinu_made_koi_wo_shitai,2026-summer,2026-09-26,01:55:37,7.68,"90,620",59639,28
koko_wa_ore_ni_makasete_saki_ni_ike_to_i,2026-summer,2026-09-26,01:55:37,6.18,"59,142",104330,10
lv999_no_murabito,2026-summer,2026-09-26,01:55:37,6.12,"59,744",22265,
migawari_reijou_wo_sukutta_no_wa_reikoku,2026-summer,2026-09-26,01:55:37,5.95,"7,904",25752,36
mujikaku_seijo_wa_kyou_mo_muishiki_ni_ch,2026-summer,2026-09-26,01:55:37,6.29,"35,829",60516,48
mushoku_tensei_iii_isekai_ittara_honki_d,2026-summer,2026-09-26,01:55:37,8.66,"332,952",154345,7
neko_to_ryuu,2026-summer,2026-09-26,01:55:37,7.84,"46,664",56423,66
oni_no_hanayome,2026-summer,2026-09-26,01:55:37,6.82,"42,280",53612,34
otome_game_sekai_wa_mob_ni_kibishii_seka,2026-summer,2026-09-26,01:55:37,6.88,"113,841",74938,2
rakudai_kenja_no_gakuin_musou_nidome_no_,2026-summer,2026-09-26,01:55:37,6.19,"74,002",97774,46
ryoumin_0-nin_start_no_henkyou_ryoushu-s,2026-summer,2026-09-26,01:55:37,6.85,"53,826",,
saikyou_degarashi_ouji_no_anyaku_teii_ar,2026-summer,2026-09-26,01:55:37,6.57,"40,580",81514,13
sayonara_lara,2026-summer,2026-09-26,01:55:37,7.73,"58,932",22524,72
sekai_saikyou_no_kouei_meikyuukoku_no_sh,2026-summer,2026-09-26,01:55:37,5.75,"42,376",81937,18
suterare_seijo_no_isekai_gohan_tabi_kaku,2026-summer,2026-09-26,01:55:37,6.43,"23,027",76552,12
tsuihou_sareta_tensei_juukishi_wa_game_c,2026-summer,2026-09-26,01:55:37,6.82,"93,559",86238,16
yoroi_shin_den_samurai_troopers_part_2,2026-summer,2026-09-26,01:55:37,6.31,"3,231",14176,108
youjosenki2,2026-summer,2026-09-26,01:55:37,8.16,"269,146",115153,3
buchigire_reijou_wa_houfuku_wo_chikaimas,2026-summer,2026-09-27,01:06:38,6.87,"45,539",86471,11
clevatess_ii_majuu_no_ou_to_itsuwari_no_,2026-summer,2026-09-27,01:06:38,7.74,"89,781",37274,18
dogulwang,2026-summer,2026-09-27,01:06:38,6.64,"52,339",,
futsutsuka_na_akujo_dewa_gozaimasu_ga_su,2026-summer,2026-09-27,01:06:38,8.24,"90,319",64075,23
gaikotsu_kishi-sama_tadaima_isekai_e_ode,2026-summer,2026-09-27,01:06:38,6.48,"96,426",77829,19
hell_mode_yarikomizuki_no_gamer_wa_hai_s,2026-summer,2026-09-27,01:06:38,7.19,"56,634",114056,7
heroine_seijo_iie_all_works_maid_desu_ho,2026-summer,2026-09-27,01:06:38,7.00,"40,558",71173,58
katainaka_no_ossan_kensei_ni_naru_ii,2026-summer,2026-09-27,01:06:38,7.22,"80,397",,
kimi_ga_shinu_made_koi_wo_shitai,2026-summer,2026-09-27,01:06:38,7.68,"90,827",59839,41
koko_wa_ore_ni_makasete_saki_ni_ike_to_i,2026-summer,2026-09-27,01:06:38,6.18,"59,551",103944,12
lv999_no_murabito,2026-summer,2026-09-27,01:06:38,6.12,"60,030",22280,
migawari_reijou_wo_sukutta_no_wa_reikoku,2026-summer,2026-09-27,01:06:38,5.92,"7,937",25585,48
mujikaku_seijo_wa_kyou_mo_muishiki_ni_ch,2026-summer,2026-09-27,01:06:38,6.29,"36,012",60271,49
mushoku_tensei_iii_isekai_ittara_honki_d,2026-summer,2026-09-27,01:06:38,8.66,"333,947",154621,9
neko_to_ryuu,2026-summer,2026-09-27,01:06:38,7.84,"46,880",56339,65
oni_no_hanayome,2026-summer,2026-09-27,01:06:38,6.82,"42,530",53558,39
otome_game_sekai_wa_mob_ni_kibishii_seka,2026-summer,2026-09-27,01:06:38,6.88,"114,608",74481,6
rakudai_kenja_no_gakuin_musou_nidome_no_,2026-summer,2026-09-27,01:06:38,6.19,"74,411",97505,42
ryoumin_0-nin_start_no_henkyou_ryoushu-s,2026-summer,2026-09-27,01:06:38,6.84,"54,246",,
saikyou_degarashi_ouji_no_anyaku_teii_ar,2026-summer,2026-09-27,01:06:38,6.58,"40,942",81243,13
sayonara_lara,2026-summer,2026-09-27,01:06:38,7.72,"59,206",22539,88
sekai_saikyou_no_kouei_meikyuukoku_no_sh,2026-summer,2026-09-27,01:06:38,5.74,"42,682",81669,21
suterare_seijo_no_isekai_gohan_tabi_kaku,2026-summer,2026-09-27,01:06:38,6.42,"23,205",76253,15
tsuihou_sareta_tensei_juukishi_wa_game_c,2026-summer,2026-09-27,01:06:38,6.82,"94,059",86480,20
yoroi_shin_den_samurai_troopers_part_2,2026-summer,2026-09-27,01:06:38,6.28,"3,245",14156,177
youjosenki2,2026-summer,2026-09-27,01:06:38,8.15,"269,865",114801,5
buchigire_reijou_wa_houfuku_wo_chikaimas,2026-summer,2026-09-28,01:43:20,6.87,"46,066",86122,13
clevatess_ii_majuu_no_ou_to_itsuwari_no_,2026-summer,2026-09-28,01:43:20,7.74,"90,194",37327,24
dogulwang,2026-summer,2026-09-28,01:43:20,6.74,"52,766",,
futsutsuka_na_akujo_dewa_gozaimasu_ga_su,2026-summer,2026-09-28,01:43:20,8.24,"91,436",64258,22
gaikotsu_kishi-sama_tadaima_isekai_e_ode,2026-summer,2026-09-28,01:43:20,6.49,"96,963",77547,20
hell_mode_yarikomizuki_no_gamer_wa_hai_s,2026-summer,2026-09-28,01:43:20,7.19,"57,885",113546,1
heroine_seijo_iie_all_works_maid_desu_ho,2026-summer,2026-09-28,01:43:20,7.00,"40,779",71009,60
katainaka_no_ossan_kensei_ni_naru_ii,2026-summer,2026-09-28,01:43:20,7.22,"81,181",,
kimi_ga_shinu_made_koi_wo_shitai,2026-summer,2026-09-28,01:43:20,7.67,"91,050",59990,46
koko_wa_ore_ni_makasete_saki_ni_ike_to_i,2026-summer,2026-09-28,01:43:20,6.18,"60,007",103563,12
lv999_no_murabito,2026-summer,2026-09-28,01:43:20,6.12,"60,356",22328,
migawari_reijou_wo_sukutta_no_wa_reikoku,2026-summer,2026-09-28,01:43:20,5.93,"7,953",25497,54
mujikaku_seijo_wa_kyou_mo_muishiki_ni_ch,2026-summer,2026-09-28,01:43:20,6.29,"36,256",60096,53
mushoku_tensei_iii_isekai_ittara_honki_d,2026-summer,2026-09-28,01:43:20,8.71,"335,661",154670,8
neko_to_ryuu,2026-summer,2026-09-28,01:43:20,7.84,"47,182",56277,69
oni_no_hanayome,2026-summer,2026-09-28,01:43:20,6.82,"42,851",53459,41
otome_game_sekai_wa_mob_ni_kibishii_seka,2026-summer,2026-09-28,01:43:20,6.88,"115,446",74089,9
rakudai_kenja_no_gakuin_musou_nidome_no_,2026-summer,2026-09-28,01:43:20,6.18,"74,966",97241,43
ryoumin_0-nin_start_no_henkyou_ryoushu-s,2026-summer,2026-09-28,01:43:20,6.84,"54,747",,
saikyou_degarashi_ouji_no_anyaku_teii_ar,2026-summer,2026-09-28,01:43:20,6.58,"41,384",81005,14
sayonara_lara,2026-summer,2026-09-28,01:43:20,7.71,"59,525",22570,99
sekai_saikyou_no_kouei_meikyuukoku_no_sh,2026-summer,2026-09-28,01:43:20,5.75,"43,036",81379,19
suterare_seijo_no_isekai_gohan_tabi_kaku,2026-summer,2026-09-28,01:43:20,6.42,"23,404",76003,15
tsuihou_sareta_tensei_juukishi_wa_game_c,2026-summer,2026-09-28,01:43:20,6.82,"94,550",86761,18
yoroi_shin_den_samurai_troopers_part_2,2026-summer,2026-09-28,01:43:20,6.29,"3,260",14132,
youjosenki2,2026-summer,2026-09-28,01:43:20,8.14,"270,710",114562,6
buchigire_reijou_wa_houfuku_wo_chikaimas,2026-summer,2026-09-29,04:28:40,6.87,"46,519",85829,19
clevatess_ii_majuu_no_ou_to_itsuwari_no_,2026-summer,2026-09-29,04:28:40,7.74,"90,725",37367,34
dogulwang,2026-summer,2026-09-29,04:28:40,6.74,"53,217",,
futsutsuka_na_akujo_dewa_gozaimasu_ga_su,2026-summer,2026-09-29,04:28:40,8.23,"92,804",64399,28
gaikotsu_kishi-sama_tadaima_isekai_e_ode,2026-summer,2026-09-29,04:28:40,6.48,"97,490",77333,26
hell_mode_yarikomizuki_no_gamer_wa_hai_s,2026-summer,2026-09-29,04:28:40,7.18,"58,818",113299,3
heroine_seijo_iie_all_works_maid_desu_ho,2026-summer,2026-09-29,04:28:40,7.00,"41,029",70855,56
katainaka_no_ossan_kensei_ni_naru_ii,2026-summer,2026-09-29,04:28:40,7.22,"81,932",,
kimi_ga_shinu_made_koi_wo_shitai,2026-summer,2026-09-29,04:28:40,7.66,"91,319",60081,48
koko_wa_ore_ni_makasete_saki_ni_ike_to_i,2026-summer,2026-09-29,04:28:40,6.18,"60,506",103187,18
lv999_no_murabito,2026-summer,2026-09-29,04:28:40,6.11,"60,791",22376,
migawari_reijou_wo_sukutta_no_wa_reikoku,2026-summer,2026-09-29,04:28:40,5.92,"7,987",25410,58
mujikaku_seijo_wa_kyou_mo_muishiki_ni_ch,2026-summer,2026-09-29,04:28:40,6.28,"36,487",59914,52
mushoku_tensei_iii_isekai_ittara_honki_d,2026-summer,2026-09-29,04:28:40,8.72,"343,911",153249,2
neko_to_ryuu,2026-summer,2026-09-29,04:28:40,7.84,"47,502",56213,65
oni_no_hanayome,2026-summer,2026-09-29,04:28:40,6.82,"43,200",53389,44
otome_game_sekai_wa_mob_ni_kibishii_seka,2026-summer,2026-09-29,04:28:40,6.88,"116,170",73776,16
rakudai_kenja_no_gakuin_musou_nidome_no_,2026-summer,2026-09-29,04:28:40,6.18,"75,576",97010,43
ryoumin_0-nin_start_no_henkyou_ryoushu-s,2026-summer,2026-09-29,04:28:40,6.84,"55,286",,
saikyou_degarashi_ouji_no_anyaku_teii_ar,2026-summer,2026-09-29,04:28:40,6.58,"41,840",80730,22
sayonara_lara,2026-summer,2026-09-29,04:28:40,7.69,"59,838",22565,102
sekai_saikyou_no_kouei_meikyuukoku_no_sh,2026-summer,2026-09-29,04:28:40,5.75,"43,420",81103,24
suterare_seijo_no_isekai_gohan_tabi_kaku,2026-summer,2026-09-29,04:28:40,6.41,"23,573",75704,25
tsuihou_sareta_tensei_juukishi_wa_game_c,2026-summer,2026-09-29,04:28:40,6.82,"95,171",87564,9
yoroi_shin_den_samurai_troopers_part_2,2026-summer,2026-09-29,04:28:40,6.28,"3,270",14118,
youjosenki2,2026-summer,2026-09-29,04:28:40,8.13,"271,523",114454,14
buchigire_reijou_wa_houfuku_wo_chikaimas,2026-summer,2026-09-30,02:55:13,6.87,"46,857",85609,16
clevatess_ii_majuu_no_ou_to_itsuwari_no_,2026-summer,2026-09-30,02:55:13,7.75,"91,062",37392,45
dogulwang,2026-summer,2026-09-30,02:55:13,6.73,"53,529",,
futsutsuka_na_akujo_dewa_gozaimasu_ga_su,2026-summer,2026-09-30,02:55:13,8.23,"93,623",64551,24
gaikotsu_kishi-sama_tadaima_isekai_e_ode,2026-summer,2026-09-30,02:55:13,6.48,"97,855",77168,28
hell_mode_yarikomizuki_no_gamer_wa_hai_s,2026-summer,2026-09-30,02:55:13,7.18,"59,353",113111,6
heroine_seijo_iie_all_works_maid_desu_ho,2026-summer,2026-09-30,02:55:13,7.00,"41,232",70712,61
katainaka_no_ossan_kensei_ni_naru_ii,2026-summer,2026-09-30,02:55:13,7.22,"82,394",,
kimi_ga_shinu_made_koi_wo_shitai,2026-summer,2026-09-30,02:55:13,7.67,"91,695",60192,53
koko_wa_ore_ni_makasete_saki_ni_ike_to_i,2026-summer,2026-09-30,02:55:13,6.18,"60,870",102932,15
lv999_no_murabito,2026-summer,2026-09-30,02:55:13,6.11,"61,060",22394,
migawari_reijou_wo_sukutta_no_wa_reikoku,2026-summer,2026-09-30,02:55:13,5.91,"8,010",25325,63
mujikaku_seijo_wa_kyou_mo_muishiki_ni_ch,2026-summer,2026-09-30,02:55:13,6.28,"36,664",59760,58
mushoku_tensei_iii_isekai_ittara_honki_d,2026-summer,2026-09-30,02:55:13,8.71,"346,362",152737,1
neko_to_ryuu,2026-summer,2026-09-30,02:55:13,7.84,"47,698",56167,73
oni_no_hanayome,2026-summer,2026-09-30,02:55:13,6.82,"43,445",53324,50
otome_game_sekai_wa_mob_ni_kibishii_seka,2026-summer,2026-09-30,02:55:13,6.88,"116,635",73599,20
rakudai_kenja_no_gakuin_musou_nidome_no_,2026-summer,2026-09-30,02:55:13,6.18,"75,944",96826,49
ryoumin_0-nin_start_no_henkyou_ryoushu-s,2026-summer,2026-09-30,02:55:13,6.84,"55,636",,
saikyou_degarashi_ouji_no_anyaku_teii_ar,2026-summer,2026-09-30,02:55:13,6.58,"42,161",80509,22
sayonara_lara,2026-summer,2026-09-30,02:55:13,7.69,"60,026",22565,120
sekai_saikyou_no_kouei_meikyuukoku_no_sh,2026-summer,2026-09-30,02:55:13,5.75,"43,683",80923,30
suterare_seijo_no_isekai_gohan_tabi_kaku,2026-summer,2026-09-30,02:55:13,6.41,"23,696",75479,25
tsuihou_sareta_tensei_juukishi_wa_game_c,2026-summer,2026-09-30,02:55:13,6.83,"95,566",87958,2
yoroi_shin_den_samurai_troopers_part_2,2026-summer,2026-09-30,02:55:13,6.30,"3,283",14096,
youjosenki2,2026-summer,2026-09-30,02:55:13,8.13,"272,071",114335,13
buchigire_reijou_wa_houfuku_wo_chikaimas,2026-summer,2026-10-01,02:51:01,6.87,"47,165",85407,25
clevatess_ii_majuu_no_ou_to_itsuwari_no_,2026-summer,2026-10-01,02:51:01,7.79,"92,153",37308,45
dogulwang,2026-summer,2026-10-01,02:51:01,6.73,"53,864",,
futsutsuka_na_akujo_dewa_gozaimasu_ga_su,2026-summer,2026-10-01,02:51:01,8.23,"94,457",64670,27
gaikotsu_kishi-sama_tadaima_isekai_e_ode,2026-summer,2026-10-01,02:51:01,6.48,"98,210",77009,34
hell_mode_yarikomizuki_no_gamer_wa_hai_s,2026-summer,2026-10-01,02:51:01,7.18,"59,812",112947,8
heroine_seijo_iie_all_works_maid_desu_ho,2026-summer,2026-10-01,02:51:01,7.00,"41,415",70565,60
katainaka_no_ossan_kensei_ni_naru_ii,2026-summer,2026-10-01,02:51:01,7.22,"82,814",,
kimi_ga_shinu_made_koi_wo_shitai,2026-summer,2026-10-01,02:51:01,7.62,"92,666",59906,24
koko_wa_ore_ni_makasete_saki_ni_ike_to_i,2026-summer,2026-10-01,02:51:01,6.18,"61,201",102656,21
lv999_no_murabito,2026-summer,2026-10-01,02:51:01,6.11,"61,375",22386,
migawari_reijou_wo_sukutta_no_wa_reikoku,2026-summer,2026-10-01,02:51:01,5.91,"8,036",25228,54
mujikaku_seijo_wa_kyou_mo_muishiki_ni_ch,2026-summer,2026-10-01,02:51:01,6.28,"36,837",59596,58
mushoku_tensei_iii_isekai_ittara_honki_d,2026-summer,2026-10-01,02:51:01,8.70,"348,415",152395,1
neko_to_ryuu,2026-summer,2026-10-01,02:51:01,7.84,"47,908",56084,73
oni_no_hanayome,2026-summer,2026-10-01,02:51:01,6.82,"43,648",53277,51
otome_game_sekai_wa_mob_ni_kibishii_seka,2026-summer,2026-10-01,02:51:01,6.88,"117,072",73447,26
rakudai_kenja_no_gakuin_musou_nidome_no_,2026-summer,2026-10-01,02:51:01,6.18,"76,358",96625,49
ryoumin_0-nin_start_no_henkyou_ryoushu-s,2026-summer,2026-10-01,02:51:01,6.84,"55,945",,
saikyou_degarashi_ouji_no_anyaku_teii_ar,2026-summer,2026-10-01,02:51:01,6.58,"42,461",80323,32
sayonara_lara,2026-summer,2026-10-01,02:51:01,7.69,"60,251",22561,133
sekai_saikyou_no_kouei_meikyuukoku_no_sh,2026-summer,2026-10-01,02:51:01,5.75,"43,947",80738,30
suterare_seijo_no_isekai_gohan_tabi_kaku,2026-summer,2026-10-01,02:51:01,6.41,"23,836",75252,29
tsuihou_sareta_tensei_juukishi_wa_game_c,2026-summer,2026-10-01,02:51:01,6.83,"95,950",88306,2
yoroi_shin_den_samurai_troopers_part_2,2026-summer,2026-10-01,02:51:01,6.30,"3,294",14066,
youjosenki2,2026-summer,2026-10-01,02:51:01,8.13,"272,552",114232,16
clevatess_ii_majuu_no_ou_to_itsuwari_no_,2026-summer,2026-10-02,03:16:28,7.83,"94,319",,6
gaikotsu_kishi-sama_tadaima_isekai_e_ode,2026-summer,2026-10-02,03:16:28,6.49,"98,535",,34
katainaka_no_ossan_kensei_ni_naru_ii,2026-summer,2026-10-02,03:16:28,7.21,"83,240",,
kimi_ga_shinu_made_koi_wo_shitai,2026-summer,2026-10-02,03:16:28,7.60,"93,148",,9
mushoku_tensei_iii_isekai_ittara_honki_d,2026-summer,2026-10-02,03:16:28,8.70,"350,478",,2
otome_game_sekai_wa_mob_ni_kibishii_seka,2026-summer,2026-10-02,03:16:28,6.88,"117,557",,28
tsuihou_sareta_tensei_juukishi_wa_game_c,2026-summer,2026-10-02,03:16:28,6.83,"96,403",,7
youjosenki2,2026-summer,2026-10-02,03:16:28,8.12,"273,030",,17
clevatess_ii_majuu_no_ou_to_itsuwari_no_,2026-summer,2026-10-03,02:41:59,7.83,"95,386",,4
gaikotsu_kishi-sama_tadaima_isekai_e_ode,2026-summer,2026-10-03,02:41:59,6.49,"98,826",,40
katainaka_no_ossan_kensei_ni_naru_ii,2026-summer,2026-10-03,02:41:59,7.21,"83,601",,
kimi_ga_shinu_made_koi_wo_shitai,2026-summer,2026-10-03,02:41:59,7.59,"93,470",,22
mushoku_tensei_iii_isekai_ittara_honki_d,2026-summer,2026-10-03,02:41:59,8.70,"351,941",,6
otome_game_sekai_wa_mob_ni_kibishii_seka,2026-summer,2026-10-03,02:41:59,6.88,"117,927",,41
tsuihou_sareta_tensei_juukishi_wa_game_c,2026-summer,2026-10-03,02:41:59,6.83,"96,934",,12
youjosenki2,2026-summer,2026-10-03,02:41:59,8.12,"273,483",,21
clevatess_ii_majuu_no_ou_to_itsuwari_no_,2026-summer,2026-10-04,01:00:04,7.83,"96,229",,13
gaikotsu_kishi-sama_tadaima_isekai_e_ode,2026-summer,2026-10-04,01:00:04,6.49,"99,118",,44
katainaka_no_ossan_kensei_ni_naru_ii,2026-summer,2026-10-04,01:00:04,7.21,"83,954",,
kimi_ga_shinu_made_koi_wo_shitai,2026-summer,2026-10-04,01:00:04,7.58,"93,723",,32
mushoku_tensei_iii_isekai_ittara_honki_d,2026-summer,2026-10-04,01:00:04,8.69,"353,374",,7
otome_game_sekai_wa_mob_ni_kibishii_seka,2026-summer,2026-10-04,01:00:04,6.88,"118,268",,45
tsuihou_sareta_tensei_juukishi_wa_game_c,2026-summer,2026-10-04,01:00:04,6.83,"97,329",,15
youjosenki2,2026-summer,2026-10-04,01:00:04,8.12,"273,867",,23
clevatess_ii_majuu_no_ou_to_itsuwari_no_,2026-summer,2026-10-05,01:41:21,7.83,"97,033",,21
gaikotsu_kishi-sama_tadaima_isekai_e_ode,2026-summer,2026-10-05,01:41:21,6.49,"99,464",,49
katainaka_no_ossan_kensei_ni_naru_ii,2026-summer,2026-10-05,01:41:21,7.21,"84,444",,
kimi_ga_shinu_made_koi_wo_shitai,2026-summer,2026-10-05,01:41:21,7.57,"93,980",,43
mushoku_tensei_iii_isekai_ittara_honki_d,2026-summer,2026-10-05,01:41:21,8.69,"355,154",,8
otome_game_sekai_wa_mob_ni_kibishii_seka,2026-summer,2026-10-05,01:41:21,6.88,"118,706",,50
tsuihou_sareta_tensei_juukishi_wa_game_c,2026-summer,2026-10-05,01:41:21,6.83,"97,810",,18
youjosenki2,2026-summer,2026-10-05,01:41:21,8.11,"274,433",,27
clevatess_ii_majuu_no_ou_to_itsuwari_no_,2026-summer,2026-10-07,03:09:17,7.83,"98,360",,47
gaikotsu_kishi-sama_tadaima_isekai_e_ode,2026-summer,2026-10-07,03:09:17,6.48,"100,076",,59
katainaka_no_ossan_kensei_ni_naru_ii,2026-summer,2026-10-07,03:09:17,7.21,"85,163",,
kimi_ga_shinu_made_koi_wo_shitai,2026-summer,2026-10-07,03:09:17,7.56,"94,532",,60
mushoku_tensei_iii_isekai_ittara_honki_d,2026-summer,2026-10-07,03:09:17,8.69,"358,179",,19
otome_game_sekai_wa_mob_ni_kibishii_seka,2026-summer,2026-10-07,03:09:17,6.88,"119,481",,62
tsuihou_sareta_tensei_juukishi_wa_game_c,2026-summer,2026-10-07,03:09:17,6.83,"98,652",,1
youjosenki2,2026-summer,2026-10-07,03:09:17,8.11,"275,323",,36
clevatess_ii_majuu_no_ou_to_itsuwari_no_,2026-summer,2026-10-08,03:50:26,7.83,"98,893",,53
gaikotsu_kishi-sama_tadaima_isekai_e_ode,2026-summer,2026-10-08,03:50:26,6.49,"100,345",,64
katainaka_no_ossan_kensei_ni_naru_ii,2026-summer,2026-10-08,03:50:26,7.21,"85,496",,
kimi_ga_shinu_made_koi_wo_shitai,2026-summer,2026-10-08,03:50:26,7.56,"94,770",,67
mushoku_tensei_iii_isekai_ittara_honki_d,2026-summer,2026-10-08,03:50:26,8.68,"359,404",,24
otome_game_sekai_wa_mob_ni_kibishii_seka,2026-summer,2026-10-08,03:50:26,6.88,"119,858",,65
tsuihou_sareta_tensei_juukishi_wa_game_c,2026-summer,2026-10-08,03:50:26,6.83,"99,012",,6
youjosenki2,2026-summer,2026-10-08,03:50:26,8.11,"275,708",,39
clevatess_ii_majuu_no_ou_to_itsuwari_no_,2026-summer,2026-10-09,03:40:47,7.83,"99,349",,71
gaikotsu_kishi-sama_tadaima_isekai_e_ode,2026-summer,2026-10-09,03:40:47,6.49,"100,583",,72
katainaka_no_ossan_kensei_ni_naru_ii,2026-summer,2026-10-09,03:40:47,7.21,"85,764",,
kimi_ga_shinu_made_koi_wo_shitai,2026-summer,2026-10-09,03:40:47,7.56,"94,955",,86
mushoku_tensei_iii_isekai_ittara_honki_d,2026-summer,2026-10-09,03:40:47,8.68,"360,481",,29
otome_game_sekai_wa_mob_ni_kibishii_seka,2026-summer,2026-10-09,03:40:47,6.88,"120,309",,75
tsuihou_sareta_tensei_juukishi_wa_game_c,2026-summer,2026-10-09,03:40:47,6.83,"99,373",,12
youjosenki2,2026-summer,2026-10-09,03:40:47,8.11,"276,040",,46
aoki_denshou_welsh_shedar,2026-fall,2026-10-10,03:11:47,6.42,"2,280",,
battle_spirits_re_zekkai_no_kuu,2026-fall,2026-10-10,03:11:47,5.64,"2,623",8821,59
black_clover_2nd_season,2026-fall,2026-10-10,03:11:47,8.81,"143,514",22783,6
buchigire_reijou_wa_houfuku_wo_chikaimas,2026-summer,2026-10-10,03:11:47,6.86,"49,383",83967,74
clevatess_ii_majuu_no_ou_to_itsuwari_no_,2026-summer,2026-10-10,03:11:47,7.83,"99,785",35615,94
dogulwang,2026-summer,2026-10-10,03:11:47,6.79,"59,145",,
doumo_suki_na_hito_ni_horegusuri_wo_irai,2026-fall,2026-10-10,03:11:47,7.34,"36,736",41381,23
dragon_ball_super_beerus,2026-fall,2026-10-10,03:11:47,,"33,627",,
futsutsuka_na_akujo_dewa_gozaimasu_ga_su,2026-summer,2026-10-10,03:11:47,8.21,"101,156",65469,69
gaikotsu_kishi-sama_tadaima_isekai_e_ode,2026-summer,2026-10-10,03:11:47,6.49,"100,805",75567,82
gensou_suikoden,2026-fall,2026-10-10,03:11:47,6.76,"9,873",21601,72
hell_mode_yarikomizuki_no_gamer_wa_hai_s,2026-summer,2026-10-10,03:11:47,7.16,"62,917",111220,54
heroine_seijo_iie_all_works_maid_desu_ho,2026-summer,2026-10-10,03:11:47,7.00,"42,754",69567,108
hyouken_no_majutsushi_ga_sekai_wo_suberu,2026-fall,2026-10-10,03:11:47,6.68,"26,575",38415,51
kanata_kara,2026-fall,2026-10-10,03:11:47,6.41,"8,602",6721,
kashita_maryoku_wa_revo_barai_de_kyousei,2026-fall,2026-10-10,03:11:47,6.36,"20,041",53881,27
katainaka_no_ossan_kensei_ni_naru_ii,2026-summer,2026-10-10,03:11:47,7.21,"86,026",,
kikansha_no_mahou_wa_tokubetsu_desu_2nd,2026-fall,2026-10-10,03:11:47,7.12,"53,204",39776,1
kimi_ga_shinu_made_koi_wo_shitai,2026-summer,2026-10-10,03:11:47,7.56,"95,135",59717,100
kizu_darake_seijo_yori_houfuku_wo_komete,2026-fall,2026-10-10,03:11:47,6.51,"5,520",12619,43
koko_wa_ore_ni_makasete_saki_ni_ike_to_i,2026-summer,2026-10-10,03:11:47,6.17,"63,775",100577,66
kyouran_reijou_nia_liston_byoujaku_reijo,2026-fall,2026-10-10,03:11:47,7.56,"26,943",62632,4
lv999_no_murabito,2026-summer,2026-10-10,03:11:47,6.11,"63,431",21229,14
magic_knight_rayearth_2026,2026-fall,2026-10-10,03:11:47,7.27,"18,350",19384,5
migawari_reijou_wo_sukutta_no_wa_reikoku,2026-summer,2026-10-10,03:11:47,5.91,"8,218",24658,
mujikaku_seijo_wa_kyou_mo_muishiki_ni_ch,2026-summer,2026-10-10,03:11:47,6.28,"38,081",58555,123
mushoku_tensei_iii_isekai_ittara_honki_d,2026-summer,2026-10-10,03:11:47,8.68,"361,316",151020,33
neko_to_ryuu,2026-summer,2026-10-10,03:11:47,7.83,"49,481",55506,154
oni_no_hanayome,2026-summer,2026-10-10,03:11:47,6.81,"45,320",52891,110
otome_game_sekai_wa_mob_ni_kibishii_seka,2026-summer,2026-10-10,03:11:47,6.89,"120,653",72085,87
punirunes_puni_4,2026-fall,2026-10-10,03:11:47,,132,,
rakudai_kenja_no_gakuin_musou_nidome_no_,2026-summer,2026-10-10,03:11:47,6.17,"79,289",95052,88
romelia_senki,2026-fall,2026-10-10,03:11:47,7.24,"21,177",,
ryoumin_0-nin_start_no_henkyou_ryoushu-s,2026-summer,2026-10-10,03:11:47,6.83,"58,389",,
saikyou_degarashi_ouji_no_anyaku_teii_ar,2026-summer,2026-10-10,03:11:47,6.59,"44,462",78810,85
sasaki_to_pii_chan_season_2,2026-fall,2026-10-10,03:11:47,7.23,"29,404",,
sayonara_lara,2026-summer,2026-10-10,03:11:47,7.66,"61,817",22618,
sekai_saikyou_no_kouei_meikyuukoku_no_sh,2026-summer,2026-10-10,03:11:47,5.75,"45,813",79382,76
sekai_saikyou_no_majo_hajimemashita,2026-fall,2026-10-10,03:11:47,6.77,"15,280",36318,2
shinja_zero_no_megami_sama_to_hajimeru_i,2026-fall,2026-10-10,03:11:47,,"11,890",,
shuiro_no_kamen,2026-fall,2026-10-10,03:11:47,,"14,800",,
suterare_seijo_no_isekai_gohan_tabi_kaku,2026-summer,2026-10-10,03:11:47,6.41,"24,869",73661,79
tempal_item_no_chikara,2026-fall,2026-10-10,03:11:47,7.44,"38,303",28099,47
tensei_goblin_dakedo_shitsumon_aru,2026-fall,2026-10-10,03:11:47,6.86,"18,067",37654,24
tensei_kizoku_kantei_skill_de_nariagaru,2026-fall,2026-10-10,03:11:47,7.43,"51,671",69153,26
tensei_shita_daiseijo_wa_seijo_de_aru_ko,2026-fall,2026-10-10,03:11:47,6.89,"25,080",54820,38
tensei_shitara_ken_deshita_ii,2026-fall,2026-10-10,03:11:47,7.55,"108,043",,
toaru_anbu_no_item,2026-fall,2026-10-10,03:11:47,7.02,"17,693",,
tougen_anki_nikko_kegon_no_taki_hen,2026-fall,2026-10-10,03:11:47,7.29,"29,949",20432,86
tsuihou_sareta_cheat_fuyo_majutsushi_wa,2026-fall,2026-10-10,03:11:47,7.48,"27,951",54690,3
tsuihou_sareta_tensei_juukishi_wa_game_c,2026-summer,2026-10-10,03:11:47,6.83,"99,860",91289,22
yasei_no_last_boss_ga_arawareta_2nd_seas,2026-fall,2026-10-10,03:11:47,7.55,"34,374",,
yoroi_shin_den_samurai_troopers_part_2,2026-summer,2026-10-10,03:11:47,6.28,"3,368",13922,
youjosenki2,2026-summer,2026-10-10,03:11:47,8.11,"276,353",113381,55
aoki_denshou_welsh_shedar,2026-fall,2026-10-11,02:10:37,6.41,"2,420",,
battle_spirits_re_zekkai_no_kuu,2026-fall,2026-10-11,02:10:37,5.65,"2,666",8844,93
black_clover_2nd_season,2026-fall,2026-10-11,02:10:37,8.81,"144,973",24166,13
buchigire_reijou_wa_houfuku_wo_chikaimas,2026-summer,2026-10-11,02:10:37,6.86,"49,604",83845,73
clevatess_ii_majuu_no_ou_to_itsuwari_no_,2026-summer,2026-10-11,02:10:37,7.83,"100,179",35532,101
dogulwang,2026-summer,2026-10-11,02:10:37,6.79,"59,444",,
doumo_suki_na_hito_ni_horegusuri_wo_irai,2026-fall,2026-10-11,02:10:37,7.34,"37,692",42663,33
dragon_ball_super_beerus,2026-fall,2026-10-11,02:10:37,,"33,868",,
futsutsuka_na_akujo_dewa_gozaimasu_ga_su,2026-summer,2026-10-11,02:10:37,8.21,"101,738",65523,66
gaikotsu_kishi-sama_tadaima_isekai_e_ode,2026-summer,2026-10-11,02:10:37,6.49,"101,003",75448,83
gensou_suikoden,2026-fall,2026-10-11,02:10:37,6.77,"10,002",22037,90
hell_mode_yarikomizuki_no_gamer_wa_hai_s,2026-summer,2026-10-11,02:10:37,7.16,"63,139",111060,52
heroine_seijo_iie_all_works_maid_desu_ho,2026-summer,2026-10-11,02:10:37,7.00,"42,876",69495,109
hyouken_no_majutsushi_ga_sekai_wo_suberu,2026-fall,2026-10-11,02:10:37,6.73,"27,510",40936,1
kanata_kara,2026-fall,2026-10-11,02:10:37,6.42,"8,769",7630,64
kashita_maryoku_wa_revo_barai_de_kyousei,2026-fall,2026-10-11,02:10:37,6.35,"20,622",55488,26
katainaka_no_ossan_kensei_ni_naru_ii,2026-summer,2026-10-11,02:10:37,7.21,"86,263",,
kikansha_no_mahou_wa_tokubetsu_desu_2nd,2026-fall,2026-10-11,02:10:37,7.13,"53,857",41616,6
kimi_ga_shinu_made_koi_wo_shitai,2026-summer,2026-10-11,02:10:37,7.55,"95,329",59755,111
kizu_darake_seijo_yori_houfuku_wo_komete,2026-fall,2026-10-11,02:10:37,6.52,"5,565",13173,11
koko_wa_ore_ni_makasete_saki_ni_ike_to_i,2026-summer,2026-10-11,02:10:37,6.17,"63,977",100431,69
kyouran_reijou_nia_liston_byoujaku_reijo,2026-fall,2026-10-11,02:10:37,7.57,"27,944",65293,9
lv999_no_murabito,2026-summer,2026-10-11,02:10:37,6.11,"63,604",21155,12
magic_knight_rayearth_2026,2026-fall,2026-10-11,02:10:37,7.30,"18,757",20678,18
migawari_reijou_wo_sukutta_no_wa_reikoku,2026-summer,2026-10-11,02:10:37,5.90,"8,229",24600,
mujikaku_seijo_wa_kyou_mo_muishiki_ni_ch,2026-summer,2026-10-11,02:10:37,6.28,"38,191",58460,133
mushoku_tensei_iii_isekai_ittara_honki_d,2026-summer,2026-10-11,02:10:37,8.68,"362,287",150940,32
neko_to_ryuu,2026-summer,2026-10-11,02:10:37,7.83,"49,619",55476,162
oni_no_hanayome,2026-summer,2026-10-11,02:10:37,6.81,"45,469",52853,119
otome_game_sekai_wa_mob_ni_kibishii_seka,2026-summer,2026-10-11,02:10:37,6.89,"120,952",71956,97
punirunes_puni_4,2026-fall,2026-10-11,02:10:37,,132,,
rakudai_kenja_no_gakuin_musou_nidome_no_,2026-summer,2026-10-11,02:10:37,6.17,"79,525",94981,91
romelia_senki,2026-fall,2026-10-11,02:10:37,7.25,"21,925",,
ryoumin_0-nin_start_no_henkyou_ryoushu-s,2026-summer,2026-10-11,02:10:37,6.83,"58,569",,
saikyou_degarashi_ouji_no_anyaku_teii_ar,2026-summer,2026-10-11,02:10:37,6.59,"44,600",78728,88
sasaki_to_pii_chan_season_2,2026-fall,2026-10-11,02:10:37,7.25,"29,867",,
sayonara_lara,2026-summer,2026-10-11,02:10:37,7.66,"61,950",22632,
sekai_saikyou_no_kouei_meikyuukoku_no_sh,2026-summer,2026-10-11,02:10:37,5.75,"45,964",79236,74
sekai_saikyou_no_majo_hajimemashita,2026-fall,2026-10-11,02:10:37,6.81,"16,021",38935,7
shinja_zero_no_megami_sama_to_hajimeru_i,2026-fall,2026-10-11,02:10:37,,"12,064",,
shuiro_no_kamen,2026-fall,2026-10-11,02:10:37,6.81,"15,763",10198,
suterare_seijo_no_isekai_gohan_tabi_kaku,2026-summer,2026-10-11,02:10:37,6.41,"24,958",73520,79
tempal_item_no_chikara,2026-fall,2026-10-11,02:10:37,7.44,"39,433",28711,51
tensei_goblin_dakedo_shitsumon_aru,2026-fall,2026-10-11,02:10:37,6.86,"18,765",38533,30
tensei_kizoku_kantei_skill_de_nariagaru,2026-fall,2026-10-11,02:10:37,7.43,"51,996",69991,24
tensei_shita_daiseijo_wa_seijo_de_aru_ko,2026-fall,2026-10-11,02:10:37,6.90,"25,538",56069,41
tensei_shitara_ken_deshita_ii,2026-fall,2026-10-11,02:10:37,7.55,"108,533",,
toaru_anbu_no_item,2026-fall,2026-10-11,02:10:37,7.44,"20,265",,
tougen_anki_nikko_kegon_no_taki_hen,2026-fall,2026-10-11,02:10:37,7.29,"30,477",21339,39
tsuihou_sareta_cheat_fuyo_majutsushi_wa,2026-fall,2026-10-11,02:10:37,7.49,"29,867",58658,5
tsuihou_sareta_tensei_juukishi_wa_game_c,2026-summer,2026-10-11,02:10:37,6.83,"100,264",91519,20
yasei_no_last_boss_ga_arawareta_2nd_seas,2026-fall,2026-10-11,02:10:37,7.54,"34,829",,
yoroi_shin_den_samurai_troopers_part_2,2026-summer,2026-10-11,02:10:37,6.27,"3,371",13910,
youjosenki2,2026-summer,2026-10-11,02:10:37,8.11,"276,668",113303,55
